smiles,LogS,LogD,LogP,Pgp-inh,Pgp-sub,HIA,F(20%),F(30%),Caco-2,MDCK,BBB,PPB,VDss,Fu,CYP1A2-inh,CYP1A2-sub,CYP2C19-inh,CYP2C19-sub,CYP2C9-inh,CYP2C9-sub,CYP2D6-inh,CYP2D6-sub,CYP3A4-inh,CYP3A4-sub,CL,T12,hERG,H-HT,DILI,Ames,ROA,FDAMDD,SkinSen,Carcinogenicity,EC,EI,Respiratory,BCF,IGC50,LC50,LC50DM,NR-AR,NR-AR-LBD,NR-AhR,NR-Aromatase,NR-ER,NR-ER-LBD,NR-PPAR-gamma,SR-ARE,SR-ATAD5,SR-HSE,SR-MMP,SR-p53,MW,Vol,Dense,nHA,nHD,TPSA,nRot,nRing,MaxRing,nHet,fChar,nRig,Flex,nStereo,NonBiodegradable,NonGenotoxic_Carcinogenicity,SureChEMBL,LD50_oral,Skin_Sensitization,Acute_Aquatic_Toxicity,Toxicophores,Genotoxic_Carcinogenicity_Mutagenicity,QED,Synth,Fsp3,MCE-18,Natural Product-likeness,Alarm_NMR,BMS,Chelating,PAINS,Lipinski,Pfizer,GSK,GoldenTriangle
CCCCC(CCC)OC(=O)C(F)(F)F,-3.189,3.859,3.929,0.973,0.001,0.002,0.386,0.675,-4.407,2.370017500652466e-05,0.964,96.09880828857422%,1.182,3.241898536682129%,0.435,0.566,0.277,0.597,0.114,0.759,0.113,0.449,0.258,0.173,5.93,0.126,0.046,0.257,0.35,0.019,0.03,0.233,0.395,0.868,0.989,0.965,0.948,1.083,3.279,2.803,5.18,0.857,0.011,0.004,0.029,0.167,0.067,0.954,0.039,0.005,0.024,0.02,0.072,226.12,214.663,1.053,2,0,26.3,8,0,0,5,0,1,8.0,1,1,0,0,0,0,2,0,0,0.648,2.792,0.9,5.0,0.632,0,1,0,0,Accepted,Rejected,Accepted,Accepted
CCCCCCCCCCCCCCCCCCCCCCCC(=O)O,-6.754,3.859,9.98,0.0,0.0,0.005,0.258,0.999,-5.196,1.0422936611576006e-05,0.007,98.90096282958984%,1.515,0.6840127110481262%,0.102,0.155,0.214,0.054,0.051,0.995,0.028,0.026,0.071,0.007,2.761,0.21,0.199,0.016,0.062,0.005,0.012,0.013,0.957,0.03,0.972,0.923,0.843,1.497,5.957,4.19,5.4,0.116,0.002,0.012,0.11,0.358,0.008,0.968,0.341,0.001,0.555,0.13,0.024,368.37,438.604,0.84,2,1,37.3,22,0,0,2,0,1,22.0,0,0,0,0,0,0,0,0,0,0.194,1.667,0.958,0.0,0.267,0,1,0,0,Accepted,Rejected,Rejected,Accepted
CCCCCCCCCCCCCCCC(=O)O,-5.223,3.235,6.732,0.009,0.0,0.005,0.644,0.991,-5.027,2.4680666683707386e-05,0.06,98.95496368408203%,0.608,1.0072684288024902%,0.3,0.194,0.203,0.11,0.174,0.989,0.008,0.054,0.024,0.019,2.377,0.61,0.056,0.026,0.043,0.005,0.029,0.015,0.899,0.064,0.977,0.978,0.891,1.298,5.142,5.246,4.357,0.335,0.002,0.009,0.041,0.298,0.006,0.979,0.224,0.004,0.194,0.177,0.027,256.24,300.236,0.853,2,1,37.3,14,0,0,2,0,1,14.0,0,0,0,0,0,0,0,0,0,0.413,1.691,0.938,0.0,0.385,0,1,0,0,Accepted,Rejected,Rejected,Accepted
CCCCCCCCCC=CCCc1c(O)c(O)cc(O)c1O,-3.578,3.816,5.965,0.002,0.002,0.007,0.998,0.999,-4.977,2.1865089365746826e-05,0.021,99.14203643798828%,4.499,1.4701510667800903%,0.808,0.203,0.517,0.061,0.408,0.859,0.82,0.424,0.139,0.04,8.652,0.834,0.017,0.01,0.009,0.499,0.081,0.036,0.974,0.157,0.24,0.941,0.32,1.637,5.192,5.418,5.65,0.009,0.023,0.89,0.927,0.81,0.775,0.982,0.825,0.017,0.965,0.97,0.902,322.21,353.239,0.912,4,4,80.92,11,1,6,4,0,7,1.571,0,1,0,2,0,10,0,3,0,0.197,2.608,0.579,8.0,1.418,3,1,1,1,Accepted,Accepted,Rejected,Accepted
CCCCCCCCCCCCCCCCCCCCCCCCCCO,-7.334,4.467,11.099,0.0,0.001,0.005,0.046,0.999,-5.228,4.217418791085947e-06,0.005,98.00360870361328%,4.235,1.0816285610198975%,0.058,0.141,0.117,0.046,0.029,0.969,0.113,0.017,0.144,0.014,4.94,0.024,0.477,0.006,0.194,0.007,0.008,0.017,0.976,0.021,0.996,0.916,0.381,1.286,6.432,5.303,5.974,0.012,0.001,0.011,0.142,0.362,0.174,0.204,0.336,0.002,0.637,0.032,0.011,382.42,467.042,0.819,1,1,20.23,24,0,0,1,0,0,inf,0,0,0,0,0,0,1,0,0,0.165,1.482,1.0,0.0,0.278,0,1,0,0,Accepted,Rejected,Rejected,Accepted
CCCCCCC=CC=O,-2.733,2.671,3.292,0.001,0.005,0.006,0.173,0.871,-4.389,2.7188383683096617e-05,0.998,86.39752197265625%,1.053,15.252595901489258%,0.909,0.757,0.474,0.834,0.216,0.916,0.052,0.581,0.057,0.165,3.969,0.609,0.023,0.432,0.04,0.286,0.884,0.609,0.967,0.769,0.985,0.986,0.963,1.592,4.517,5.281,5.447,0.014,0.004,0.006,0.012,0.073,0.007,0.01,0.096,0.005,0.138,0.015,0.913,140.12,167.738,0.835,1,0,17.07,6,0,0,1,0,2,3.0,0,0,1,1,0,2,1,2,1,0.315,2.365,0.667,0.0,2.226,2,1,0,0,Accepted,Rejected,Accepted,Rejected
CCCCCCC=CCCCCCCCC(=O)O,-4.791,3.319,6.293,0.001,0.001,0.007,0.082,0.408,-4.859,2.541110552556347e-05,0.215,98.39545440673828%,0.532,1.3814587593078613%,0.248,0.189,0.088,0.109,0.332,0.987,0.006,0.085,0.038,0.021,2.627,0.673,0.027,0.021,0.013,0.005,0.019,0.014,0.944,0.101,0.979,0.978,0.677,0.85,4.635,4.993,4.231,0.554,0.003,0.009,0.111,0.19,0.01,0.981,0.245,0.006,0.327,0.369,0.047,254.22,297.6,0.854,2,1,37.3,13,0,0,2,0,2,6.5,0,0,0,0,0,0,0,0,0,0.356,2.011,0.812,0.0,0.966,0,0,0,0,Accepted,Rejected,Rejected,Accepted
CCCCOP(=O)(OCCCC)OCCCC,-2.64,2.408,3.606,0.559,0.0,0.001,0.055,0.011,-4.479,2.869451964215841e-05,0.136,95.21701049804688%,0.596,5.55064582824707%,0.223,0.916,0.579,0.834,0.371,0.776,0.005,0.281,0.105,0.047,5.18,0.568,0.282,0.032,0.029,0.014,0.027,0.017,0.883,0.778,0.992,0.987,0.741,1.055,4.417,4.51,4.081,0.017,0.003,0.092,0.837,0.332,0.024,0.035,0.072,0.003,0.011,0.071,0.002,266.16,271.096,0.982,4,0,44.76,12,0,0,5,0,1,12.0,0,0,0,0,2,0,1,1,0,0.384,2.416,1.0,0.0,0.174,0,0,0,0,Accepted,Rejected,Accepted,Accepted
CCCCCc1ccco1,-3.658,3.732,3.787,0.001,0.138,0.003,0.642,0.853,-4.272,2.1164791178307496e-05,0.611,95.48125457763672%,2.485,4.4714789390563965%,0.983,0.853,0.817,0.245,0.662,0.7,0.038,0.34,0.046,0.259,9.353,0.616,0.089,0.077,0.184,0.031,0.611,0.036,0.409,0.508,0.97,0.993,0.911,2.28,3.9,4.398,4.5,0.02,0.004,0.004,0.007,0.191,0.006,0.006,0.081,0.008,0.837,0.054,0.004,138.1,159.181,0.868,1,0,13.14,4,1,5,1,0,5,0.8,0,0,0,0,0,0,0,1,0,0.583,1.781,0.556,4.0,-0.368,0,0,0,0,Accepted,Rejected,Accepted,Rejected
CCCCCCCCCCCCCC(=O)O,-4.378,3.023,5.82,0.028,0.0,0.005,0.754,0.987,-4.96,2.7797208531410433e-05,0.163,98.20128631591797%,0.416,1.2786240577697754%,0.256,0.202,0.099,0.213,0.249,0.986,0.007,0.069,0.017,0.024,2.303,0.718,0.04,0.03,0.042,0.006,0.037,0.015,0.807,0.078,0.979,0.983,0.848,0.78,4.867,5.091,4.127,0.304,0.002,0.009,0.033,0.262,0.006,0.974,0.175,0.005,0.093,0.113,0.022,228.21,265.644,0.859,2,1,37.3,12,0,0,2,0,1,12.0,0,0,0,0,0,0,0,0,0,0.488,1.637,0.929,0.0,0.433,0,1,0,0,Accepted,Rejected,Rejected,Accepted
CCCCCCCCC#CCCCCCCCCCC,-7.175,4.801,8.656,0.002,0.001,0.004,0.965,1.0,-4.855,5.7505494623910636e-06,0.154,98.02992248535156%,3.39,0.7206710577011108%,0.204,0.179,0.446,0.069,0.116,0.974,0.235,0.051,0.265,0.044,5.117,0.069,0.238,0.011,0.186,0.006,0.021,0.234,0.966,0.042,0.994,0.932,0.286,1.936,5.831,6.084,6.169,0.02,0.003,0.019,0.13,0.362,0.083,0.065,0.497,0.012,0.434,0.08,0.016,278.3,349.203,0.797,0,0,0.0,14,0,0,0,0,1,14.0,0,0,0,0,0,0,1,3,0,0.231,1.904,0.9,0.0,0.433,0,1,0,0,Accepted,Rejected,Rejected,Accepted
CCCCCCCCC1CC1CCCCCCCC(=O)OC,-6.89,4.756,7.497,0.029,0.0,0.003,0.799,0.991,-4.781,1.592438275110908e-05,0.159,97.34597778320312%,2.587,1.13406240940094%,0.32,0.218,0.372,0.144,0.267,0.924,0.131,0.08,0.703,0.119,5.999,0.202,0.256,0.088,0.666,0.005,0.012,0.035,0.962,0.048,0.916,0.943,0.871,2.245,5.457,4.898,5.354,0.382,0.003,0.003,0.05,0.325,0.183,0.039,0.062,0.004,0.357,0.027,0.016,310.29,360.864,0.86,2,0,26.3,16,1,3,2,0,4,4.0,2,0,0,0,0,0,0,0,0,0.263,2.896,0.95,12.923,0.818,0,0,0,0,Accepted,Rejected,Rejected,Accepted
CCCCCCCCCCCOC(=O)C=CC(=O)Oc1ccc(Br)cc1,-6.731,3.456,6.934,0.985,0.001,0.002,0.996,0.994,-4.814,2.9753522539976984e-05,0.057,99.70845794677734%,0.775,1.6748636960983276%,0.322,0.151,0.624,0.06,0.396,0.945,0.257,0.058,0.278,0.118,2.404,0.17,0.403,0.032,0.038,0.023,0.086,0.671,0.974,0.202,0.287,0.892,0.516,2.384,5.564,5.755,6.317,0.129,0.051,0.017,0.371,0.526,0.04,0.923,0.684,0.272,0.858,0.716,0.38,424.12,401.841,1.055,4,0,52.6,15,1,6,5,0,9,1.667,0,0,2,0,0,3,4,1,1,0.169,2.159,0.524,7.0,-0.017,3,1,0,0,Accepted,Rejected,Rejected,Accepted
CCCCC(CC)COC(=O)c1ccccc1C(=O)OCC(CC)CCCC,-5.291,5.716,7.337,0.995,0.003,0.001,0.981,0.961,-4.694,1.622779200260993e-05,0.015,99.61510467529297%,1.427,1.10756254196167%,0.208,0.305,0.749,0.061,0.277,0.161,0.788,0.12,0.733,0.106,6.965,0.13,0.204,0.019,0.05,0.004,0.002,0.078,0.943,0.557,0.06,0.968,0.105,1.18,5.589,2.313,5.994,0.017,0.009,0.011,0.032,0.306,0.173,0.01,0.015,0.003,0.223,0.189,0.003,390.28,437.082,0.893,4,0,52.6,16,1,6,4,0,8,2.0,2,0,0,0,0,0,0,0,0,0.343,3.007,0.667,18.0,0.091,0,0,0,0,Accepted,Rejected,Rejected,Rejected
CCCCCCC=CCCCCCCCC(=O)OCC,-6.492,4.558,6.901,0.006,0.007,0.002,0.341,0.955,-4.595,1.9355278709554113e-05,0.13,97.28856658935547%,2.464,1.975502848625183%,0.917,0.189,0.575,0.065,0.505,0.933,0.239,0.081,0.519,0.076,6.067,0.298,0.18,0.007,0.042,0.005,0.023,0.011,0.966,0.13,0.966,0.969,0.566,2.717,5.171,5.598,5.15,0.343,0.004,0.005,0.136,0.215,0.011,0.221,0.064,0.003,0.551,0.126,0.02,282.26,332.192,0.85,2,0,26.3,15,0,0,2,0,2,7.5,0,0,0,0,0,0,0,0,0,0.228,2.042,0.833,0.0,0.644,0,0,0,0,Accepted,Rejected,Rejected,Accepted
CCCCCCCCCCCCCCCCCCCCCC(=O)O,-6.555,3.75,9.198,0.0,0.0,0.005,0.331,0.998,-5.14,1.3731476428802125e-05,0.01,98.97456359863281%,1.13,0.746330201625824%,0.141,0.165,0.242,0.058,0.069,0.994,0.02,0.031,0.062,0.009,2.648,0.272,0.14,0.018,0.054,0.005,0.016,0.013,0.95,0.035,0.973,0.933,0.877,1.68,5.759,4.461,5.183,0.16,0.002,0.012,0.107,0.359,0.007,0.975,0.34,0.002,0.499,0.175,0.03,340.33,404.012,0.842,2,1,37.3,20,0,0,2,0,1,20.0,0,0,0,0,0,0,0,0,0,0.229,1.663,0.955,0.0,0.289,0,1,0,0,Accepted,Rejected,Rejected,Accepted
CCCCOCCC(C)C,-3.039,3.728,3.498,0.0,0.001,0.001,0.025,0.005,-4.105,3.21787956636399e-05,0.459,86.376220703125%,1.534,10.2569580078125%,0.779,0.355,0.271,0.842,0.424,0.234,0.005,0.081,0.027,0.166,11.425,0.521,0.054,0.027,0.038,0.005,0.042,0.016,0.354,0.174,0.936,0.988,0.033,1.734,3.224,3.366,3.758,0.005,0.002,0.004,0.007,0.228,0.034,0.003,0.024,0.003,0.024,0.009,0.001,144.15,173.011,0.833,1,0,9.23,6,0,0,1,0,0,inf,0,1,0,0,0,0,1,0,0,0.521,1.809,1.0,0.0,-0.268,0,0,0,0,Accepted,Rejected,Accepted,Rejected
CCOC(=O)c1ccccc1C(=O)OCC,-2.513,2.736,2.681,0.03,0.0,0.002,0.98,0.992,-4.385,3.678012944874354e-05,0.115,69.26358032226562%,1.316,9.509099960327148%,0.98,0.53,0.911,0.095,0.764,0.21,0.286,0.181,0.111,0.159,12.247,0.357,0.136,0.005,0.404,0.013,0.003,0.004,0.267,0.035,0.046,0.992,0.025,0.578,3.585,4.21,4.05,0.024,0.012,0.06,0.015,0.223,0.457,0.004,0.017,0.008,0.212,0.023,0.008,222.09,229.53,0.968,4,0,52.6,6,1,6,4,0,8,0.75,0,0,0,0,0,0,0,0,0,0.731,1.52,0.333,7.0,-0.393,0,0,0,0,Accepted,Accepted,Accepted,Accepted
CCCCCCCCCCCC(=O)OC,-5.22,3.975,5.231,0.442,0.003,0.003,0.986,0.986,-4.591,2.1025543901487254e-05,0.943,95.57097625732422%,0.813,3.434532880783081%,0.95,0.465,0.668,0.357,0.45,0.919,0.047,0.102,0.344,0.107,6.514,0.562,0.113,0.029,0.234,0.006,0.034,0.021,0.941,0.114,0.957,0.976,0.84,1.388,4.96,4.912,4.419,0.226,0.003,0.007,0.022,0.229,0.008,0.036,0.032,0.008,0.254,0.002,0.008,214.19,248.348,0.862,2,0,26.3,11,0,0,2,0,1,11.0,0,0,0,0,0,0,0,0,0,0.404,1.639,0.923,0.0,0.321,0,1,0,0,Accepted,Rejected,Rejected,Accepted
CCCCCCCCC=CCCCCCCCCCCCC(N)=O,-6.436,4.195,8.263,0.0,0.003,0.003,0.316,0.97,-4.889,1.5423021977767348e-05,0.034,98.34784698486328%,2.39,1.2329696416854858%,0.166,0.173,0.313,0.048,0.115,0.952,0.147,0.073,0.306,0.02,4.487,0.054,0.44,0.01,0.03,0.006,0.008,0.012,0.965,0.044,0.165,0.884,0.326,2.072,5.589,4.52,5.453,0.423,0.002,0.011,0.228,0.297,0.026,0.711,0.33,0.005,0.686,0.653,0.043,337.33,403.582,0.836,2,2,43.09,19,0,0,2,0,2,9.5,0,0,0,0,0,0,0,0,0,0.199,2.156,0.864,0.0,0.475,0,1,0,0,Accepted,Rejected,Rejected,Accepted
CCCCCCCCCCCC1C=CCC(=O)O1,-5.848,3.983,5.787,0.002,0.001,0.008,0.489,0.986,-4.659,3.0839553801342845e-05,0.419,97.30829620361328%,1.376,2.186122417449951%,0.786,0.267,0.691,0.126,0.453,0.942,0.031,0.151,0.668,0.157,6.147,0.353,0.013,0.068,0.096,0.05,0.035,0.057,0.929,0.283,0.887,0.875,0.567,2.511,5.093,5.389,4.655,0.572,0.003,0.008,0.064,0.189,0.005,0.606,0.071,0.004,0.39,0.441,0.037,252.21,289.043,0.873,2,0,26.3,10,1,6,2,0,7,1.429,1,0,0,0,0,2,1,0,0,0.318,3.019,0.812,10.69,1.588,1,1,0,0,Accepted,Rejected,Rejected,Accepted
CCCCCCCCC=CCCCCCCCC(=O)OC,-6.717,4.535,7.531,0.002,0.006,0.004,0.882,0.977,-4.704,1.6469070033053868e-05,0.179,97.249755859375%,3.024,1.8181709051132202%,0.732,0.194,0.472,0.068,0.318,0.95,0.181,0.092,0.542,0.056,5.771,0.261,0.249,0.018,0.056,0.005,0.012,0.017,0.97,0.113,0.954,0.962,0.734,2.476,5.306,5.401,5.391,0.713,0.003,0.007,0.082,0.249,0.01,0.244,0.069,0.007,0.615,0.054,0.036,296.27,349.488,0.848,2,0,26.3,16,0,0,2,0,2,8.0,0,0,0,0,0,0,0,0,0,0.204,2.068,0.842,0.0,0.727,0,0,0,0,Accepted,Rejected,Rejected,Accepted
CCCCCCCCCCCCCCCC(=O)OC(CO)CO,-4.422,3.656,5.275,0.011,0.371,0.003,0.178,0.983,-4.752,3.6544926842907444e-05,0.058,95.95100402832031%,0.803,2.3316385746002197%,0.234,0.164,0.138,0.051,0.295,0.438,0.007,0.03,0.274,0.082,6.212,0.768,0.097,0.024,0.053,0.008,0.016,0.008,0.923,0.072,0.011,0.71,0.153,0.987,5.198,5.251,3.69,0.762,0.002,0.005,0.2,0.274,0.007,0.659,0.113,0.003,0.841,0.035,0.161,330.28,369.705,0.893,4,2,66.76,18,0,0,4,0,1,18.0,0,0,0,0,0,0,1,0,0,0.307,2.159,0.947,0.0,0.73,0,1,0,0,Accepted,Rejected,Rejected,Accepted
CCCCCCCCCCCC(=O)O,-3.578,2.622,4.793,0.064,0.0,0.005,0.839,0.979,-4.898,3.0481040084850974e-05,0.477,96.80706024169922%,0.315,1.9578408002853394%,0.149,0.253,0.044,0.399,0.231,0.982,0.007,0.09,0.012,0.03,2.259,0.772,0.028,0.034,0.042,0.006,0.05,0.016,0.643,0.099,0.98,0.986,0.748,0.524,4.402,4.462,3.939,0.272,0.003,0.01,0.026,0.197,0.006,0.967,0.135,0.006,0.045,0.049,0.016,200.18,231.052,0.866,2,1,37.3,10,0,0,2,0,1,10.0,0,0,0,0,0,0,0,0,0,0.541,1.584,0.917,0.0,0.495,0,1,0,0,Accepted,Rejected,Rejected,Accepted
CCCCCCCCCCCCCCCCCC(=O)O,-5.879,3.449,7.571,0.003,0.0,0.005,0.541,0.994,-5.068,2.0905659766867757e-05,0.029,99.21785736083984%,0.752,0.8943314552307129%,0.276,0.184,0.272,0.067,0.123,0.991,0.011,0.044,0.035,0.015,2.425,0.476,0.074,0.023,0.043,0.005,0.024,0.014,0.928,0.05,0.976,0.966,0.901,1.915,5.357,5.011,4.605,0.304,0.002,0.009,0.065,0.341,0.006,0.98,0.279,0.003,0.296,0.23,0.032,284.27,334.828,0.849,2,1,37.3,16,0,0,2,0,1,16.0,0,0,0,0,0,0,0,0,0,0.336,1.674,0.944,0.0,0.347,0,1,0,0,Accepted,Rejected,Rejected,Accepted
CCCCCCCCC=CCCCCCCCC(=O)O,-5.559,3.549,7.131,0.0,0.0,0.007,0.116,0.658,-4.922,2.320999192306772e-05,0.101,98.76258087158203%,0.74,1.2384917736053467%,0.32,0.183,0.184,0.068,0.256,0.99,0.007,0.067,0.054,0.016,2.573,0.546,0.038,0.018,0.013,0.004,0.016,0.013,0.951,0.084,0.978,0.97,0.704,1.479,5.018,4.794,4.47,0.474,0.003,0.009,0.149,0.243,0.009,0.983,0.3,0.005,0.447,0.615,0.069,282.26,332.192,0.85,2,1,37.3,15,0,0,2,0,2,7.5,0,0,0,0,0,0,0,0,0,0.291,2.033,0.833,0.0,0.869,0,0,0,0,Accepted,Rejected,Rejected,Accepted
CCCCCCCCCCCCCC(C)C,-7.06,5.0,8.184,0.002,0.001,0.002,0.387,0.994,-4.657,8.028589036257472e-06,0.172,98.18668365478516%,3.596,1.8969115018844604%,0.242,0.194,0.409,0.164,0.147,0.963,0.084,0.03,0.181,0.068,4.991,0.063,0.151,0.009,0.285,0.007,0.032,0.031,0.942,0.037,0.994,0.952,0.391,2.438,5.524,6.101,5.476,0.025,0.002,0.005,0.015,0.352,0.1,0.021,0.058,0.002,0.182,0.026,0.004,226.27,285.292,0.793,0,0,0.0,12,0,0,0,0,0,inf,0,0,0,0,0,0,1,0,0,0.34,1.623,1.0,0.0,0.416,0,1,0,0,Accepted,Rejected,Rejected,Rejected
CCCCCCCCCCCCCCCCCCCC,-7.402,4.823,10.033,0.0,0.0,0.002,0.205,0.999,-4.98,6.211816526047187e-06,0.037,98.3995590209961%,4.304,1.3192771673202515%,0.115,0.167,0.256,0.063,0.06,0.959,0.241,0.039,0.178,0.03,4.47,0.033,0.3,0.006,0.334,0.007,0.025,0.035,0.963,0.027,0.995,0.932,0.412,1.705,6.029,6.196,5.976,0.04,0.002,0.009,0.076,0.36,0.122,0.069,0.169,0.006,0.212,0.033,0.008,282.33,354.476,0.796,0,0,0.0,17,0,0,0,0,0,inf,0,0,0,0,0,0,1,0,0,0.237,1.063,1.0,0.0,0.122,0,1,0,0,Accepted,Rejected,Rejected,Accepted
CCCCCCCCCCCCCCC=CC(C)CCCCCCCCCCCC,-7.998,5.759,13.285,0.0,0.0,0.003,0.118,0.999,-5.199,3.3511744277348043e-06,0.006,103.08231353759766%,5.976,0.8536791205406189%,0.04,0.138,0.112,0.057,0.029,0.97,0.081,0.038,0.196,0.021,4.36,0.006,0.133,0.002,0.176,0.004,0.012,0.031,0.972,0.015,0.992,0.933,0.055,1.319,6.641,5.748,6.41,0.004,0.002,0.004,0.106,0.351,0.202,0.02,0.245,0.002,0.385,0.036,0.005,420.47,524.8,0.801,0,0,0.0,25,0,0,0,0,1,25.0,1,0,0,0,0,0,1,0,0,0.102,2.572,0.933,1.0,0.891,0,1,0,0,Accepted,Rejected,Rejected,Rejected
CCCCCCCCCCCCOC(=O)c1ccccc1C(=O)OCCCCCCCCCCCC,-7.687,4.722,11.157,0.009,0.001,0.001,0.999,1.0,-5.153,6.8462245508271735e-06,0.008,100.05033111572266%,3.265,0.8112561106681824%,0.052,0.141,0.202,0.041,0.046,0.924,0.12,0.02,0.224,0.023,5.939,0.015,0.273,0.001,0.387,0.004,0.001,0.004,0.97,0.087,0.031,0.986,0.079,0.469,6.512,3.93,6.113,0.038,0.003,0.042,0.13,0.395,0.207,0.016,0.157,0.052,0.554,0.033,0.005,502.4,575.45,0.873,4,0,52.6,26,1,6,4,0,8,3.25,0,0,0,0,0,0,0,0,0,0.104,2.032,0.75,7.0,-0.061,0,1,0,0,Rejected,Rejected,Rejected,Rejected
CCCCOC(=O)CN(C)C(=O)C(F)(F)F,-1.591,1.561,1.8,0.015,0.002,0.004,0.946,0.972,-4.54,1.744046494422946e-05,0.986,37.96592330932617%,0.88,67.92001342773438%,0.465,0.606,0.67,0.902,0.072,0.139,0.011,0.152,0.024,0.444,7.713,0.751,0.066,0.074,0.381,0.025,0.081,0.024,0.314,0.059,0.631,0.131,0.277,0.527,1.89,2.815,3.716,0.66,0.012,0.009,0.053,0.193,0.01,0.018,0.047,0.007,0.031,0.003,0.041,241.09,214.518,1.124,4,0,46.61,8,0,0,7,0,2,4.0,0,2,0,1,0,1,2,0,0,0.539,2.324,0.778,0.0,-0.984,0,0,0,0,Accepted,Accepted,Accepted,Accepted
C[Si](C)(C)OC(=O)CC(=O)O[Si](C)(C)C,-5.378,2.605,3.377,0.002,0.018,0.992,0.893,0.768,-5.904,0.0011536135571077466,0.003,91.69176483154297%,1.214,16.00114631652832%,0.254,0.965,0.026,0.084,0.004,0.125,0.03,0.142,0.026,0.139,2.961,0.886,0.046,0.009,0.022,0.03,0.002,0.06,0.963,0.256,1.0,0.992,0.874,0.606,4.028,4.261,3.718,0.028,0.003,0.004,0.01,0.025,0.013,0.01,0.066,0.005,0.024,0.006,0.006,248.09,77584959.714,0.0,4,0,52.6,6,0,0,6,0,2,3.0,0,0,0,0,0,0,0,0,0,0.565,3.162,0.778,0.0,0.18,0,1,0,0,Accepted,Rejected,Accepted,Accepted
C[Si](C)(C)OC(=O)CCC(=O)O[Si](C)(C)C,-5.694,2.991,3.489,0.005,0.013,0.982,0.82,0.591,-5.6,0.0007198051316663623,0.003,92.61788177490234%,1.087,15.696646690368652%,0.38,0.963,0.026,0.068,0.006,0.502,0.052,0.194,0.029,0.121,2.897,0.886,0.008,0.014,0.023,0.023,0.0,0.099,0.956,0.054,0.999,0.963,0.252,0.846,3.395,3.897,3.862,0.061,0.002,0.003,0.025,0.03,0.018,0.004,0.047,0.006,0.014,0.006,0.005,262.11,77584977.01,0.0,4,0,52.6,7,0,0,6,0,2,3.5,0,0,0,0,0,0,0,0,0,0.714,2.869,0.8,0.0,-0.017,0,1,0,0,Accepted,Rejected,Accepted,Accepted
CCCCCCCCCCCCCCCCCCCCCCCCCCCCCCC,-8.158,5.325,14.357,0.0,0.0,0.004,0.047,1.0,-5.479,2.0176232737867394e-06,0.002,102.38843536376953%,5.678,0.6096608638763428%,0.025,0.115,0.093,0.05,0.01,0.98,0.024,0.011,0.114,0.009,4.209,0.004,0.52,0.003,0.495,0.009,0.01,0.053,0.983,0.012,0.997,0.923,0.145,0.885,7.101,5.063,6.45,0.013,0.001,0.007,0.063,0.35,0.23,0.046,0.25,0.003,0.265,0.005,0.002,436.5,544.732,0.801,0,0,0.0,28,0,0,0,0,0,inf,0,0,0,0,0,0,1,0,0,0.107,1.105,1.0,0.0,0.079,0,1,0,0,Accepted,Rejected,Rejected,Rejected
CCCCCCCCCCCCCCCCC1CCCC1C1CCCC1,-7.691,5.413,11.188,0.0,0.0,0.003,0.031,0.995,-5.073,6.2878470998839475e-06,0.006,98.55329132080078%,4.337,0.6786438822746277%,0.044,0.155,0.111,0.057,0.046,0.938,0.016,0.036,0.213,0.065,4.798,0.008,0.56,0.037,0.824,0.015,0.015,0.066,0.974,0.019,0.994,0.922,0.164,1.554,6.23,4.672,6.237,0.009,0.002,0.002,0.149,0.351,0.317,0.025,0.212,0.002,0.263,0.044,0.009,362.39,441.139,0.821,0,0,0.0,16,2,5,0,0,10,1.6,2,0,0,0,0,0,1,0,0,0.24,2.927,1.0,21.462,0.85,0,1,0,0,Accepted,Rejected,Rejected,Rejected
CCCCCC(=O)O,-1.245,1.216,1.875,0.008,0.002,0.007,0.005,0.166,-4.721,3.432685844018124e-05,0.878,71.14122772216797%,0.245,37.213172912597656%,0.042,0.425,0.024,0.408,0.012,0.948,0.012,0.221,0.007,0.046,5.645,0.798,0.012,0.063,0.049,0.008,0.13,0.018,0.208,0.213,0.983,0.991,0.11,0.352,2.813,2.794,3.499,0.087,0.004,0.018,0.006,0.078,0.009,0.639,0.048,0.007,0.024,0.011,0.005,116.08,127.276,0.912,2,1,37.3,4,0,0,2,0,1,4.0,0,0,0,0,0,0,0,0,0,0.567,1.436,0.833,0.0,0.734,0,0,0,0,Accepted,Accepted,Accepted,Rejected
CCCCCCCCCCCCCCCCCCCC(=O)OCC,-7.107,4.591,9.103,0.001,0.001,0.002,0.751,0.999,-4.949,1.1610879482759628e-05,0.049,97.2114028930664%,2.934,1.3120386600494385%,0.159,0.168,0.308,0.056,0.106,0.948,0.289,0.028,0.261,0.044,4.423,0.119,0.342,0.008,0.304,0.005,0.023,0.011,0.964,0.04,0.961,0.939,0.885,1.76,5.879,5.765,5.734,0.112,0.003,0.008,0.091,0.334,0.058,0.094,0.106,0.003,0.304,0.014,0.007,340.33,404.012,0.842,2,0,26.3,20,0,0,2,0,1,20.0,0,0,0,0,0,0,0,0,0,0.179,1.778,0.955,0.0,0.101,0,1,0,0,Accepted,Rejected,Rejected,Accepted
CCCCCON=O,-2.285,1.284,2.36,0.001,0.0,0.005,0.031,0.94,-4.341,3.3601791074033827e-05,0.991,65.54708862304688%,0.981,49.25041580200195%,0.971,0.891,0.846,0.656,0.406,0.76,0.032,0.599,0.082,0.198,7.581,0.607,0.022,0.179,0.446,0.958,0.712,0.04,0.421,0.887,0.008,0.362,0.581,0.705,2.966,3.248,3.811,0.033,0.003,0.077,0.045,0.147,0.007,0.004,0.042,0.008,0.129,0.013,0.138,117.08,120.977,0.968,3,0,38.66,5,0,0,3,0,1,5.0,0,0,1,1,0,0,0,0,3,0.313,2.727,1.0,0.0,-0.084,0,0,0,0,Accepted,Accepted,Accepted,Rejected
C=CCCCCCC(C)=O,-2.091,2.547,2.263,0.011,0.001,0.006,0.681,0.068,-4.445,2.603633220132906e-05,0.998,83.33394622802734%,0.682,18.633790969848633%,0.688,0.846,0.349,0.746,0.108,0.885,0.022,0.884,0.103,0.187,7.112,0.825,0.016,0.044,0.033,0.015,0.054,0.03,0.915,0.21,0.986,0.988,0.462,0.67,3.028,3.667,3.782,0.01,0.003,0.018,0.01,0.176,0.006,0.022,0.034,0.01,0.635,0.01,0.009,140.12,167.738,0.835,1,0,17.07,6,0,0,1,0,2,3.0,0,1,0,0,0,1,1,2,0,0.409,2.117,0.667,0.0,1.369,0,0,0,0,Accepted,Accepted,Accepted,Rejected
CCCCCCCCC=CCCCCCCCCCC(=O)O,-6.046,3.773,7.93,0.0,0.0,0.007,0.155,0.811,-4.995,2.0891799067612737e-05,0.049,98.99444580078125%,0.89,1.1255619525909424%,0.298,0.175,0.26,0.062,0.164,0.992,0.009,0.056,0.073,0.013,2.546,0.411,0.054,0.016,0.013,0.004,0.013,0.013,0.956,0.071,0.977,0.958,0.701,2.128,5.256,4.448,4.734,0.363,0.003,0.009,0.18,0.27,0.008,0.982,0.352,0.004,0.54,0.705,0.084,310.29,366.784,0.846,2,1,37.3,17,0,0,2,0,2,8.5,0,0,0,0,0,0,0,0,0,0.234,2.063,0.85,0.0,0.79,0,1,0,0,Accepted,Rejected,Rejected,Accepted
NC(=O)CCCCC(N)=O,-0.692,-0.982,-1.483,0.041,0.992,0.003,0.005,0.013,-5.24,0.000347861903719604,0.997,19.343692779541016%,0.593,81.43895721435547%,0.019,0.082,0.025,0.047,0.011,0.118,0.008,0.124,0.005,0.09,7.14,0.232,0.034,0.103,0.024,0.03,0.014,0.015,0.274,0.028,0.004,0.126,0.012,0.207,1.184,1.55,3.836,0.1,0.002,0.005,0.003,0.567,0.613,0.011,0.031,0.005,0.029,0.022,0.007,144.09,146.633,0.983,4,4,86.18,5,0,0,4,0,2,2.5,0,0,0,0,0,0,0,0,0,0.51,1.899,0.667,0.0,-0.143,0,0,0,0,Accepted,Accepted,Accepted,Rejected
CCCCCCCCC=CCCCCCCCCC(=O)O,-5.846,3.66,7.539,0.0,0.0,0.007,0.132,0.741,-4.964,2.2392590835806914e-05,0.069,98.85203552246094%,0.815,1.1757516860961914%,0.311,0.179,0.231,0.065,0.208,0.991,0.008,0.061,0.063,0.014,2.555,0.477,0.045,0.017,0.013,0.004,0.014,0.013,0.953,0.078,0.977,0.965,0.704,1.831,5.146,4.625,4.595,0.416,0.003,0.009,0.162,0.257,0.009,0.983,0.328,0.004,0.496,0.679,0.079,296.27,349.488,0.848,2,1,37.3,16,0,0,2,0,2,8.0,0,0,0,0,0,0,0,0,0,0.261,2.048,0.842,0.0,0.828,0,1,0,0,Accepted,Rejected,Rejected,Accepted
CCCCCCCCC=CCCCCCCCCCCCC(=O)O,-6.362,3.861,8.712,0.0,0.0,0.007,0.194,0.897,-5.055,1.778150544851087e-05,0.028,99.17298126220703%,1.141,1.0192416906356812%,0.232,0.165,0.26,0.058,0.116,0.993,0.014,0.046,0.092,0.01,2.605,0.309,0.083,0.014,0.015,0.004,0.011,0.012,0.961,0.059,0.975,0.939,0.654,2.085,5.468,4.155,5.013,0.257,0.003,0.009,0.214,0.312,0.008,0.978,0.378,0.003,0.61,0.722,0.085,338.32,401.376,0.843,2,1,37.3,19,0,0,2,0,2,9.5,0,0,0,0,0,0,0,0,0,0.194,2.099,0.864,0.0,0.725,0,1,0,0,Accepted,Rejected,Rejected,Accepted
CCCCC(=O)OC,-1.587,1.474,1.841,0.008,0.025,0.003,0.006,0.629,-4.264,3.216215918655507e-05,0.997,36.224361419677734%,0.801,68.26632690429688%,0.891,0.709,0.303,0.844,0.066,0.707,0.013,0.284,0.022,0.227,9.833,0.864,0.023,0.06,0.13,0.013,0.051,0.032,0.506,0.195,0.963,0.979,0.142,0.496,2.583,3.097,3.566,0.029,0.004,0.008,0.01,0.061,0.006,0.004,0.014,0.007,0.047,0.002,0.004,116.08,127.276,0.912,2,0,26.3,4,0,0,2,0,1,4.0,0,0,0,0,0,0,0,0,0,0.52,1.556,0.833,0.0,0.228,0,0,0,0,Accepted,Accepted,Accepted,Rejected
C=CC(O)C#CC#CCC=CCCCCCCC,-5.093,3.993,5.514,0.0,0.0,0.011,0.013,0.991,-3.974,2.9701104722335003e-05,0.023,100.7446517944336%,1.557,1.1620699167251587%,0.95,0.332,0.916,0.414,0.888,0.987,0.091,0.446,0.819,0.104,6.165,0.103,0.0,0.051,0.877,0.517,0.902,0.97,0.948,0.75,0.929,0.987,0.95,2.61,5.063,6.266,6.538,0.016,0.008,0.067,0.891,0.103,0.011,0.797,0.676,0.008,0.808,0.74,0.808,244.18,295.56,0.826,1,1,20.23,8,0,0,1,0,4,2.0,1,0,0,2,0,0,0,4,0,0.391,3.77,0.529,1.0,2.956,0,0,0,0,Accepted,Rejected,Rejected,Accepted
CCCCCC(C)OC(C)=O,-2.302,2.595,3.079,0.012,0.001,0.002,0.388,0.963,-4.345,2.8989179554628208e-05,0.991,82.4176025390625%,1.087,22.508047103881836%,0.767,0.283,0.078,0.684,0.072,0.542,0.043,0.13,0.07,0.237,5.57,0.664,0.006,0.075,0.687,0.009,0.011,0.026,0.872,0.358,0.98,0.986,0.029,0.808,3.147,3.396,3.672,0.807,0.03,0.007,0.006,0.091,0.015,0.014,0.019,0.004,0.03,0.005,0.01,158.13,179.164,0.883,2,0,26.3,6,0,0,2,0,1,6.0,1,0,0,0,0,0,0,0,0,0.454,2.393,0.889,2.0,1.205,0,0,0,0,Accepted,Rejected,Accepted,Rejected
C=CCCCCCCCCCCC,-6.522,4.321,6.738,0.02,0.0,0.003,0.269,0.668,-4.602,1.4121796084509697e-05,0.884,98.51901245117188%,1.819,1.9638689756393433%,0.836,0.23,0.58,0.175,0.292,0.924,0.18,0.462,0.546,0.093,4.705,0.145,0.067,0.011,0.04,0.012,0.034,0.032,0.955,0.086,0.994,0.979,0.369,2.934,5.144,5.807,5.145,0.036,0.003,0.008,0.014,0.313,0.029,0.074,0.053,0.01,0.514,0.055,0.012,182.2,230.768,0.79,0,0,0.0,10,0,0,0,0,1,10.0,0,0,0,0,0,0,1,1,0,0.326,1.82,0.846,0.0,0.782,0,1,0,0,Accepted,Rejected,Rejected,Rejected
CCCCC=CC=CCC=O,-2.412,2.434,2.583,0.007,0.003,0.005,0.005,0.019,-4.562,2.6118963432963938e-05,0.992,47.642547607421875%,1.185,31.652799606323242%,0.457,0.679,0.095,0.769,0.031,0.763,0.028,0.832,0.05,0.212,5.601,0.687,0.037,0.414,0.015,0.884,0.891,0.81,0.984,0.648,0.984,0.989,0.961,0.694,3.741,4.67,5.063,0.006,0.015,0.058,0.483,0.163,0.008,0.021,0.777,0.009,0.922,0.202,0.994,152.12,182.397,0.834,1,0,17.07,6,0,0,1,0,3,2.0,0,0,0,2,0,2,0,2,0,0.325,3.009,0.5,0.0,2.432,1,1,0,0,Accepted,Accepted,Accepted,Rejected
CCCCCCCCCCCCCCCC(=O)OC,-6.655,4.273,7.184,0.033,0.002,0.002,0.98,0.996,-4.773,1.614976099517662e-05,0.388,97.2545394897461%,2.026,1.5205914974212646%,0.613,0.207,0.471,0.101,0.232,0.941,0.13,0.065,0.38,0.065,4.995,0.281,0.234,0.026,0.328,0.006,0.026,0.017,0.955,0.063,0.953,0.97,0.907,2.266,5.411,5.744,5.149,0.419,0.002,0.008,0.032,0.328,0.016,0.122,0.057,0.007,0.296,0.004,0.012,270.26,317.532,0.851,2,0,26.3,15,0,0,2,0,1,15.0,0,0,0,0,0,0,0,0,0,0.301,1.742,0.941,0.0,0.253,0,1,0,0,Accepted,Rejected,Rejected,Accepted
CCCCCCC(C)OC(=O)c1ccccc1C(=O)O,-3.515,2.628,4.302,0.013,0.0,0.003,0.013,0.729,-4.74,3.414379898458719e-05,0.179,97.34263610839844%,0.223,1.4702188968658447%,0.327,0.243,0.056,0.064,0.503,0.449,0.047,0.078,0.029,0.069,2.498,0.659,0.115,0.237,0.934,0.004,0.007,0.009,0.191,0.026,0.021,0.98,0.185,0.367,3.108,3.751,3.619,0.84,0.008,0.02,0.011,0.306,0.014,0.952,0.033,0.01,0.413,0.142,0.021,278.15,298.714,0.931,4,1,63.6,9,1,6,4,0,8,1.125,1,0,0,0,0,0,0,0,0,0.578,2.309,0.5,16.0,0.279,0,0,0,0,Accepted,Rejected,Rejected,Accepted
CCCCCCC(O)CC=CCCCCCCCC(=O)O,-4.38,2.86,5.459,0.001,0.024,0.025,0.154,0.204,-4.999,3.608718543546274e-05,0.406,97.54302215576172%,0.502,1.6898449659347534%,0.088,0.184,0.035,0.079,0.196,0.984,0.003,0.071,0.027,0.017,6.068,0.742,0.027,0.028,0.007,0.004,0.004,0.081,0.933,0.073,0.929,0.963,0.234,0.59,4.569,3.578,4.183,0.655,0.003,0.005,0.118,0.145,0.034,0.985,0.244,0.004,0.337,0.39,0.082,298.25,340.982,0.875,3,2,57.53,15,0,0,3,0,2,7.5,1,0,0,0,0,0,1,0,0,0.327,2.699,0.833,2.0,1.614,0,0,0,0,Accepted,Rejected,Rejected,Accepted
CCCCCCCCCCCCCCCC(O)C(N)CO,-3.256,3.694,4.655,0.001,0.082,0.05,0.024,0.897,-5.024,3.1624720577383414e-05,0.017,95.78557586669922%,0.795,2.655360698699951%,0.288,0.276,0.19,0.06,0.07,0.377,0.795,0.487,0.267,0.066,6.116,0.22,0.323,0.061,0.039,0.012,0.111,0.016,0.928,0.04,0.599,0.318,0.938,1.366,5.339,5.838,4.538,0.059,0.002,0.002,0.305,0.299,0.029,0.023,0.073,0.002,0.679,0.463,0.047,301.3,348.461,0.865,3,4,66.48,16,0,0,3,0,0,inf,2,0,0,0,0,0,0,0,0,0.375,2.872,1.0,2.0,1.036,0,1,0,0,Accepted,Rejected,Rejected,Accepted
CCCCCCCC=CCCc1c(O)c(O)cc(O)c1O,-3.397,3.371,4.935,0.002,0.003,0.006,0.994,0.999,-4.905,2.522364229662344e-05,0.023,98.78385162353516%,3.419,1.5573060512542725%,0.799,0.27,0.334,0.061,0.457,0.785,0.794,0.375,0.128,0.049,10.018,0.878,0.013,0.013,0.009,0.545,0.083,0.032,0.971,0.247,0.24,0.938,0.22,1.457,4.876,5.223,5.448,0.008,0.034,0.888,0.902,0.792,0.791,0.979,0.822,0.022,0.96,0.961,0.88,294.18,318.647,0.923,4,4,80.92,9,1,6,4,0,7,1.286,0,1,0,2,0,10,0,3,0,0.236,2.631,0.529,8.0,1.553,3,0,1,1,Accepted,Accepted,Rejected,Accepted
CCCCC(C)(O)CC=CC1C(O)CC(=O)C1CCCCCCC(=O)OC,-3.733,2.922,3.65,0.034,0.004,0.291,0.023,0.726,-4.57,2.4998334993142635e-05,0.892,87.39055633544922%,0.952,9.679973602294922%,0.027,0.706,0.108,0.831,0.197,0.863,0.003,0.071,0.828,0.162,12.521,0.626,0.015,0.274,0.065,0.016,0.843,0.082,0.107,0.063,0.003,0.017,0.024,0.412,3.836,2.859,4.319,0.051,0.004,0.007,0.055,0.091,0.007,0.072,0.043,0.005,0.162,0.578,0.169,382.27,416.553,0.918,5,2,83.83,14,1,5,5,0,8,1.75,4,1,0,0,0,1,2,0,0,0.286,3.887,0.818,24.2,1.406,0,0,0,0,Accepted,Accepted,Accepted,Accepted
CCCCCC=CCC=CCCCCCCCC(=O)O,-5.23,3.58,6.652,0.0,0.002,0.01,0.009,0.549,-4.733,1.9229288227506913e-05,0.196,98.39066314697266%,0.626,1.618606448173523%,0.235,0.171,0.086,0.066,0.43,0.988,0.006,0.086,0.085,0.019,3.327,0.628,0.009,0.013,0.009,0.013,0.01,0.017,0.961,0.153,0.984,0.98,0.712,0.898,4.453,5.113,4.266,0.676,0.005,0.01,0.284,0.149,0.017,0.983,0.321,0.005,0.575,0.36,0.067,280.24,329.555,0.85,2,1,37.3,14,0,0,2,0,3,4.667,0,0,0,0,0,0,0,0,0,0.318,2.292,0.722,0.0,1.187,0,0,0,0,Accepted,Rejected,Rejected,Accepted
CCCCCCC=CCCCCCCCCCCCC(=O)O,-6.046,3.773,7.93,0.0,0.0,0.007,0.155,0.811,-4.995,2.0891799067612737e-05,0.049,98.99443054199219%,0.89,1.1255619525909424%,0.298,0.175,0.26,0.062,0.164,0.992,0.009,0.056,0.073,0.013,2.546,0.411,0.054,0.016,0.013,0.004,0.013,0.013,0.956,0.071,0.977,0.958,0.701,2.128,5.256,4.448,4.734,0.363,0.003,0.009,0.18,0.27,0.008,0.982,0.352,0.004,0.54,0.705,0.084,310.29,366.784,0.846,2,1,37.3,17,0,0,2,0,2,8.5,0,0,0,0,0,0,0,0,0,0.234,2.063,0.85,0.0,0.79,0,1,0,0,Accepted,Rejected,Rejected,Accepted
CCCCNc1ccc(C(=O)OCCN(C)C)cc1,-3.438,2.903,3.486,0.002,0.108,0.005,0.923,0.779,-4.616,9.404552656633314e-06,0.889,80.29444885253906%,3.039,24.116687774658203%,0.565,0.947,0.075,0.927,0.007,0.514,0.696,0.917,0.027,0.302,10.239,0.45,0.541,0.053,0.053,0.01,0.467,0.027,0.884,0.196,0.006,0.047,0.525,0.485,3.81,4.161,5.12,0.035,0.002,0.499,0.01,0.284,0.008,0.002,0.073,0.041,0.008,0.04,0.021,264.18,288.468,0.916,4,1,41.57,9,1,6,4,0,7,1.286,0,1,0,0,0,3,0,1,1,0.579,1.821,0.533,7.0,-0.967,1,0,0,0,Accepted,Rejected,Accepted,Accepted
CCCCCCCCC=CCCCCCCCC(=O)OC(CO)CO,-4.802,3.918,6.008,0.001,0.788,0.003,0.022,0.936,-4.7,4.312251985538751e-05,0.037,97.05543518066406%,0.811,2.379584312438965%,0.273,0.157,0.128,0.05,0.371,0.655,0.01,0.034,0.439,0.072,7.121,0.743,0.12,0.021,0.022,0.007,0.009,0.008,0.955,0.103,0.009,0.61,0.133,0.985,5.094,4.991,3.774,0.772,0.003,0.005,0.443,0.197,0.005,0.802,0.176,0.003,0.885,0.415,0.346,356.29,401.66,0.887,4,2,66.76,19,0,0,4,0,2,9.5,0,0,0,0,0,0,1,0,0,0.208,2.421,0.857,0.0,1.09,0,0,0,0,Accepted,Rejected,Rejected,Accepted
CCCCCCCCC=CCCCCCCCC(=O)O,-5.559,3.549,7.131,0.0,0.0,0.007,0.116,0.658,-4.922,2.320999192306772e-05,0.101,98.76258087158203%,0.74,1.2384917736053467%,0.32,0.183,0.184,0.068,0.256,0.99,0.007,0.067,0.054,0.016,2.573,0.546,0.038,0.018,0.013,0.004,0.016,0.013,0.951,0.084,0.978,0.97,0.704,1.479,5.018,4.794,4.47,0.474,0.003,0.009,0.149,0.243,0.009,0.983,0.3,0.005,0.447,0.615,0.069,282.26,332.192,0.85,2,1,37.3,15,0,0,2,0,2,7.5,0,0,0,0,0,0,0,0,0,0.291,2.033,0.833,0.0,0.869,0,0,0,0,Accepted,Rejected,Rejected,Accepted
CCCCCCCCCCCCCCCCCC(=O)OCC(CO)OC(=O)CCCCCCCCCCCCCCCCC,-7.221,5.045,13.2,0.0,0.004,0.004,0.649,1.0,-5.216,2.2160186290420825e-06,0.001,99.43543243408203%,2.641,0.8362902998924255%,0.023,0.118,0.089,0.033,0.017,0.984,0.101,0.006,0.185,0.015,4.767,0.053,0.405,0.018,0.321,0.003,0.004,0.012,0.984,0.029,0.019,0.204,0.521,0.44,7.003,2.391,6.333,0.471,0.002,0.004,0.079,0.328,0.01,0.21,0.243,0.0,0.748,0.002,0.005,624.57,721.778,0.865,5,1,72.83,38,0,0,5,0,2,19.0,1,0,0,0,0,0,1,0,0,0.055,2.839,0.949,3.0,0.472,0,1,0,0,Rejected,Rejected,Rejected,Rejected
CCCCOC(=O)c1ccccc1C(=O)OCCCC,-4.883,3.837,4.337,0.341,0.001,0.002,0.995,0.996,-4.489,3.2653220841893926e-05,0.043,94.11514282226562%,1.084,3.198781967163086%,0.959,0.415,0.908,0.067,0.751,0.468,0.604,0.111,0.476,0.116,12.528,0.297,0.221,0.005,0.287,0.007,0.002,0.005,0.711,0.087,0.037,0.987,0.028,0.856,4.721,5.01,4.616,0.14,0.007,0.113,0.097,0.437,0.409,0.016,0.018,0.364,0.471,0.07,0.022,278.15,298.714,0.931,4,0,52.6,10,1,6,4,0,8,1.25,0,0,0,0,0,0,0,0,0,0.538,1.757,0.5,7.0,-0.237,0,0,0,0,Accepted,Rejected,Rejected,Accepted
CCCCCCCCCC(CCC)OC(=O)COC,-4.954,4.069,4.963,0.832,0.007,0.003,0.642,0.838,-4.499,2.599400067992974e-05,0.296,96.4590835571289%,0.679,2.3001344203948975%,0.242,0.355,0.249,0.276,0.204,0.247,0.072,0.108,0.493,0.177,4.232,0.414,0.049,0.043,0.26,0.005,0.012,0.182,0.945,0.195,0.982,0.978,0.232,1.674,4.932,3.987,4.391,0.875,0.005,0.002,0.078,0.114,0.023,0.882,0.035,0.002,0.035,0.013,0.01,272.24,309.026,0.881,3,0,35.53,14,0,0,3,0,1,14.0,1,1,0,0,0,0,1,0,0,0.366,2.577,0.938,2.0,0.696,0,1,0,0,Accepted,Rejected,Rejected,Accepted
CCCCCCCCCCCCCCCCCCCCCCC(C)C,-7.747,5.342,11.768,0.0,0.0,0.002,0.099,0.999,-5.175,4.343418822827516e-06,0.014,98.92977905273438%,4.691,1.1290122270584106%,0.047,0.144,0.137,0.06,0.041,0.981,0.036,0.011,0.145,0.025,4.532,0.012,0.327,0.005,0.466,0.007,0.015,0.041,0.97,0.019,0.996,0.928,0.218,1.436,6.413,5.983,6.257,0.014,0.002,0.007,0.06,0.356,0.175,0.018,0.221,0.002,0.263,0.017,0.004,352.41,440.956,0.799,0,0,0.0,21,0,0,0,0,0,inf,0,0,0,0,0,0,1,0,0,0.18,1.558,1.0,0.0,0.266,0,1,0,0,Accepted,Rejected,Rejected,Rejected
CCCCCCCCCCCCCCCCCC(=O)OCC1CO1,-6.284,4.487,7.769,0.014,0.001,0.001,0.85,0.983,-4.924,1.8631852071848698e-05,0.086,97.62860107421875%,1.223,1.5652832984924316%,0.193,0.187,0.299,0.058,0.099,0.739,0.064,0.051,0.359,0.063,4.694,0.186,0.332,0.037,0.25,0.36,0.038,0.023,0.969,0.172,0.93,0.974,0.598,1.887,5.737,4.352,5.528,0.071,0.003,0.02,0.637,0.297,0.007,0.068,0.148,0.006,0.341,0.045,0.071,340.3,386.95,0.879,3,0,38.83,19,1,3,3,0,4,4.75,1,2,1,2,0,1,2,1,5,0.17,2.52,0.952,10.488,0.359,0,2,0,0,Accepted,Rejected,Rejected,Accepted
CCCCCCCCC(=O)CCCCCCCCC(=O)OC,-5.203,4.262,5.654,0.402,0.002,0.004,1.0,0.999,-4.79,1.6160865925485268e-05,0.926,95.53961944580078%,0.724,1.5512036085128784%,0.445,0.316,0.377,0.067,0.314,0.939,0.027,0.108,0.551,0.067,6.749,0.774,0.136,0.056,0.16,0.006,0.013,0.04,0.849,0.068,0.574,0.833,0.664,0.807,5.14,5.235,4.221,0.168,0.003,0.038,0.036,0.359,0.007,0.955,0.078,0.008,0.17,0.005,0.049,312.27,358.278,0.872,3,0,43.37,17,0,0,3,0,2,8.5,0,1,0,0,0,1,1,1,0,0.275,1.979,0.895,0.0,0.459,0,1,0,0,Accepted,Rejected,Rejected,Accepted
CCCCCCCCC=CCCCCCCCC(=O)OCCCC,-7.013,4.82,8.503,0.0,0.01,0.002,0.673,0.992,-4.779,1.40913771247142e-05,0.056,97.65834045410156%,3.177,1.829002022743225%,0.402,0.169,0.412,0.057,0.193,0.939,0.29,0.06,0.428,0.045,6.742,0.165,0.287,0.007,0.052,0.004,0.019,0.011,0.972,0.106,0.963,0.96,0.604,1.881,5.558,5.091,5.595,0.26,0.003,0.011,0.228,0.32,0.014,0.097,0.109,0.006,0.616,0.107,0.031,338.32,401.376,0.843,2,0,26.3,19,0,0,2,0,2,9.5,0,0,0,0,0,0,0,0,0,0.148,2.147,0.864,0.0,0.573,0,0,0,0,Accepted,Rejected,Rejected,Accepted
CCCCCCCCC=CCCCCCCCC(=O)Cl,-6.836,4.481,7.699,0.0,0.001,0.007,0.425,0.906,-4.672,1.084116956917569e-05,0.355,98.61548614501953%,2.888,1.658319354057312%,0.508,0.187,0.454,0.059,0.291,0.965,0.053,0.149,0.321,0.051,5.422,0.21,0.194,0.052,0.224,0.971,0.03,0.026,0.975,0.614,0.995,0.938,0.971,2.549,5.195,5.826,5.219,0.037,0.002,0.029,0.318,0.289,0.006,0.314,0.165,0.005,0.756,0.384,0.096,300.22,338.613,0.887,1,0,17.07,15,0,0,2,0,2,7.5,0,0,1,1,0,4,2,1,2,0.185,2.239,0.833,0.0,0.583,0,1,0,0,Accepted,Rejected,Rejected,Accepted
CCCCCCCCC=CCCCCCCCC(=O)OCC(O)COC(=O)CCCCCCCC=CCCCCCCCC,-6.213,5.556,12.092,0.0,0.999,0.009,0.425,0.978,-5.067,1.1099571565864608e-05,0.003,102.4244384765625%,2.187,1.1736061573028564%,0.049,0.117,0.107,0.035,0.055,0.978,0.04,0.014,0.249,0.016,5.502,0.084,0.286,0.003,0.023,0.005,0.003,0.008,0.99,0.114,0.04,0.19,0.203,0.717,6.438,2.536,6.135,0.1,0.004,0.004,0.205,0.294,0.007,0.217,0.566,0.001,0.948,0.365,0.051,620.54,716.505,0.866,5,1,72.83,36,0,0,5,0,4,9.0,0,0,0,0,0,0,1,0,0,0.044,2.681,0.846,0.0,0.501,0,0,0,0,Rejected,Rejected,Rejected,Rejected
CCCCCC=CCC=CCC=CCCCCC(=O)OC,-6.031,4.801,6.439,0.0,0.016,0.008,0.002,0.911,-4.492,2.8482425477704965e-05,0.312,95.54118347167969%,2.224,2.425920009613037%,0.972,0.163,0.666,0.065,0.853,0.941,0.158,0.168,0.76,0.075,10.118,0.44,0.018,0.006,0.015,0.151,0.005,0.029,0.98,0.679,0.975,0.952,0.798,2.192,4.393,4.945,4.936,0.822,0.014,0.008,0.312,0.065,0.007,0.518,0.177,0.008,0.772,0.334,0.06,292.24,344.215,0.849,2,0,26.3,14,0,0,2,0,4,3.5,0,0,0,0,0,0,0,0,0,0.245,2.558,0.632,0.0,0.979,0,0,0,0,Accepted,Rejected,Rejected,Accepted
CCCCCCCCCCC=CCCOC(=O)C=CC(=O)OCCCCCCCCCCCCC,-7.487,4.318,10.946,0.0,0.944,0.001,1.0,0.999,-5.036,1.696780600468628e-05,0.003,100.31786346435547%,2.81,1.4701696634292603%,0.06,0.127,0.162,0.043,0.066,0.957,0.2,0.014,0.246,0.031,4.645,0.044,0.674,0.005,0.016,0.005,0.011,0.188,0.989,0.119,0.808,0.924,0.305,1.101,6.249,3.671,6.349,0.022,0.021,0.007,0.306,0.336,0.052,0.49,0.706,0.023,0.902,0.184,0.055,492.42,569.347,0.865,4,0,52.6,28,0,0,4,0,4,7.0,0,0,1,0,0,2,3,1,1,0.052,2.443,0.806,0.0,0.525,1,1,0,0,Accepted,Rejected,Rejected,Accepted
CCCCCCCCCCCCCC=CCCCCO,-6.692,4.255,7.806,0.0,0.016,0.005,0.021,0.809,-4.723,1.3369710359256715e-05,0.072,97.5385971069336%,3.574,1.8849860429763794%,0.385,0.179,0.328,0.051,0.147,0.951,0.048,0.068,0.239,0.033,5.812,0.133,0.189,0.006,0.028,0.005,0.01,0.012,0.968,0.047,0.993,0.927,0.084,2.24,5.461,5.716,4.994,0.034,0.002,0.007,0.374,0.317,0.015,0.489,0.2,0.003,0.837,0.714,0.092,282.29,343.334,0.822,1,1,20.23,16,0,0,1,0,1,16.0,0,0,0,0,0,0,1,0,0,0.256,2.042,0.895,0.0,0.898,0,1,0,0,Accepted,Rejected,Rejected,Accepted
CCCCCCC=CCCCCCCCCCC(=O)O,-5.559,3.549,7.131,0.0,0.0,0.007,0.116,0.658,-4.922,2.320999192306772e-05,0.101,98.76258087158203%,0.74,1.2384923696517944%,0.32,0.183,0.184,0.068,0.256,0.99,0.007,0.067,0.054,0.016,2.573,0.546,0.038,0.018,0.013,0.004,0.016,0.013,0.951,0.084,0.978,0.97,0.704,1.479,5.018,4.794,4.47,0.474,0.003,0.009,0.149,0.243,0.009,0.983,0.3,0.005,0.447,0.615,0.069,282.26,332.192,0.85,2,1,37.3,15,0,0,2,0,2,7.5,0,0,0,0,0,0,0,0,0,0.291,2.033,0.833,0.0,0.869,0,1,0,0,Accepted,Rejected,Rejected,Accepted
CCCCCCCCCCCCCCCCCCCCCCCCC,-7.766,5.051,12.001,0.0,0.0,0.003,0.106,1.0,-5.205,4.235493634041632e-06,0.008,99.5386734008789%,4.893,0.9642025232315063%,0.052,0.141,0.134,0.056,0.027,0.97,0.091,0.022,0.15,0.017,4.377,0.013,0.436,0.004,0.423,0.008,0.017,0.041,0.974,0.019,0.996,0.927,0.266,1.322,6.517,5.73,6.322,0.025,0.002,0.009,0.08,0.356,0.175,0.06,0.254,0.004,0.244,0.014,0.005,352.41,440.956,0.799,0,0,0.0,22,0,0,0,0,0,inf,0,0,0,0,0,0,1,0,0,0.17,1.064,1.0,0.0,0.098,0,1,0,0,Accepted,Rejected,Rejected,Rejected
C=CCCCC=CCCCCCC,-5.97,4.452,6.173,0.006,0.001,0.004,0.114,0.875,-4.456,1.6397312720073387e-05,0.619,98.33544921875%,1.841,2.540745258331299%,0.957,0.24,0.634,0.17,0.477,0.924,0.2,0.844,0.66,0.1,6.302,0.213,0.028,0.006,0.015,0.01,0.022,0.034,0.965,0.126,0.994,0.985,0.053,2.906,4.611,5.313,5.152,0.087,0.003,0.006,0.018,0.135,0.014,0.123,0.043,0.005,0.77,0.456,0.03,180.19,228.131,0.79,0,0,0.0,9,0,0,0,0,2,4.5,0,0,0,0,0,0,1,1,0,0.351,2.295,0.692,0.0,1.362,0,0,0,0,Accepted,Rejected,Rejected,Rejected
CCCCCCCO,-1.832,2.12,2.473,0.0,0.046,0.004,0.251,0.942,-4.212,2.5559465939295478e-05,0.989,68.29467010498047%,0.963,42.19910430908203%,0.773,0.731,0.122,0.258,0.081,0.595,0.007,0.114,0.017,0.116,8.775,0.716,0.048,0.022,0.037,0.008,0.099,0.013,0.752,0.171,0.988,0.988,0.119,0.834,3.497,3.191,3.078,0.009,0.003,0.007,0.011,0.171,0.011,0.005,0.033,0.004,0.191,0.02,0.015,116.12,138.419,0.839,1,1,20.23,5,0,0,1,0,0,inf,0,0,0,0,0,0,1,0,0,0.544,1.565,1.0,0.0,0.938,0,0,0,0,Accepted,Accepted,Accepted,Rejected
CCCCCCCCCCCC(=O)O[Si](C)(C)C,-6.792,4.738,6.277,0.938,0.002,0.006,0.981,0.987,-4.636,2.1385392756201327e-05,0.043,99.18006134033203%,3.156,0.7755448818206787%,0.962,0.699,0.433,0.712,0.524,0.943,0.015,0.066,0.315,0.076,2.994,0.391,0.047,0.028,0.069,0.006,0.005,0.017,0.958,0.058,0.995,0.987,0.784,2.918,5.084,5.345,4.872,0.071,0.002,0.003,0.072,0.072,0.015,0.019,0.149,0.003,0.138,0.036,0.006,272.22,38792665.743,0.0,2,0,26.3,12,0,0,3,0,1,12.0,0,0,0,0,0,0,0,0,0,0.377,2.159,0.933,0.0,0.212,0,2,0,0,Accepted,Rejected,Rejected,Accepted
CCCCCCOC(=O)CCCCC,-4.829,3.914,4.633,0.682,0.006,0.002,0.971,0.99,-4.482,2.370727997913491e-05,0.666,94.61839294433594%,0.568,5.375187873840332%,0.976,0.371,0.797,0.208,0.591,0.814,0.071,0.095,0.291,0.134,10.204,0.63,0.17,0.02,0.101,0.005,0.063,0.014,0.926,0.161,0.971,0.982,0.533,1.121,4.591,4.769,4.203,0.34,0.003,0.008,0.031,0.235,0.009,0.055,0.027,0.011,0.192,0.004,0.01,200.18,231.052,0.866,2,0,26.3,10,0,0,2,0,1,10.0,0,0,0,0,0,0,0,0,0,0.419,1.658,0.917,0.0,0.279,0,0,0,0,Accepted,Rejected,Rejected,Accepted
CCCCCC=CCC=CCCCCCCCC(=O)OC,-6.465,4.646,6.992,0.001,0.028,0.007,0.008,0.775,-4.551,1.9133589375996962e-05,0.245,96.83602142333984%,2.926,2.079176425933838%,0.941,0.179,0.569,0.064,0.6,0.947,0.167,0.139,0.692,0.065,7.742,0.343,0.1,0.011,0.022,0.016,0.009,0.024,0.975,0.467,0.965,0.961,0.8,2.62,4.997,5.339,5.197,0.78,0.004,0.007,0.147,0.097,0.006,0.39,0.097,0.006,0.683,0.415,0.056,294.26,346.851,0.848,2,0,26.3,15,0,0,2,0,3,5.0,0,0,0,0,0,0,0,0,0,0.224,2.313,0.737,0.0,1.03,0,0,0,0,Accepted,Rejected,Rejected,Accepted
CCCCCCC=CC=CCC=O,-3.11,3.151,3.569,0.097,0.002,0.005,0.014,0.075,-4.601,2.1482916054083034e-05,0.996,66.36701202392578%,1.688,16.744962692260742%,0.648,0.709,0.23,0.709,0.099,0.835,0.068,0.825,0.15,0.195,4.247,0.584,0.053,0.451,0.018,0.845,0.873,0.792,0.986,0.66,0.986,0.987,0.963,1.101,4.203,5.164,5.314,0.006,0.01,0.072,0.576,0.238,0.007,0.035,0.716,0.008,0.937,0.364,0.995,180.15,216.989,0.83,1,0,17.07,8,0,0,1,0,3,2.667,0,0,0,2,0,2,0,2,0,0.316,2.777,0.583,0.0,2.195,1,1,0,0,Accepted,Rejected,Accepted,Rejected
CCCCCc1ccc(O)o1,-2.458,3.114,3.149,0.0,0.071,0.005,0.962,0.992,-4.597,2.5623136025387794e-05,0.42,94.37191772460938%,2.363,7.0150604248046875%,0.93,0.907,0.446,0.442,0.52,0.96,0.129,0.801,0.02,0.227,8.8,0.816,0.032,0.135,0.112,0.165,0.32,0.027,0.353,0.751,0.94,0.989,0.797,1.006,3.693,3.724,4.282,0.007,0.003,0.006,0.007,0.158,0.007,0.004,0.487,0.008,0.502,0.555,0.023,154.1,167.971,0.917,2,1,33.37,4,1,5,2,0,5,0.8,0,0,0,0,0,0,0,1,0,0.676,2.605,0.556,5.0,0.753,0,0,0,0,Accepted,Rejected,Accepted,Rejected
CCCCCCCCCCCC(=O)OC(=O)CCCCCCCCCCC,-6.997,4.502,9.042,0.001,0.023,0.004,0.972,1.0,-4.94,1.1620087207120378e-05,0.03,96.32603454589844%,1.022,0.9933433532714844%,0.158,0.16,0.319,0.055,0.109,0.976,0.02,0.014,0.264,0.027,4.954,0.269,0.068,0.016,0.162,0.003,0.013,0.014,0.978,0.07,0.998,0.95,0.885,1.713,5.787,4.371,5.537,0.728,0.002,0.007,0.047,0.353,0.01,0.783,0.184,0.002,0.471,0.005,0.014,382.34,444.758,0.86,3,0,43.37,22,0,0,3,0,2,11.0,0,0,0,3,0,4,1,1,0,0.122,1.883,0.917,0.0,0.234,0,2,0,0,Accepted,Rejected,Rejected,Accepted
CCCCCCCCCCCCCCCCCCCCCCCCC(=O)OC,-7.418,4.707,10.862,0.0,0.0,0.003,0.856,1.0,-5.132,5.823708761454327e-06,0.025,97.19353485107422%,3.977,1.0400468111038208%,0.068,0.156,0.155,0.055,0.049,0.968,0.178,0.022,0.218,0.023,4.584,0.056,0.573,0.018,0.515,0.006,0.011,0.016,0.974,0.028,0.944,0.904,0.778,1.318,6.291,4.874,6.118,0.461,0.002,0.01,0.054,0.352,0.088,0.087,0.215,0.004,0.378,0.005,0.007,396.4,473.196,0.838,2,0,26.3,24,0,0,2,0,1,24.0,0,0,0,0,0,0,0,0,0,0.127,1.764,0.962,0.0,0.172,0,1,0,0,Accepted,Rejected,Rejected,Accepted
CCCCCCCCCCCCCCCCCCCCCCCCCCCCCC,-8.096,5.28,13.966,0.0,0.0,0.004,0.054,1.0,-5.433,2.3018915271677542e-06,0.002,101.8370132446289%,5.551,0.6564564108848572%,0.028,0.119,0.098,0.051,0.012,0.979,0.03,0.012,0.119,0.01,4.233,0.005,0.508,0.003,0.485,0.009,0.011,0.051,0.981,0.013,0.997,0.923,0.161,0.959,7.004,5.185,6.441,0.014,0.001,0.008,0.067,0.351,0.227,0.05,0.253,0.003,0.263,0.006,0.002,422.49,527.436,0.801,0,0,0.0,27,0,0,0,0,0,inf,0,0,0,0,0,0,1,0,0,0.115,1.096,1.0,0.0,0.081,0,1,0,0,Accepted,Rejected,Rejected,Rejected
CCCCCCCCCCCCCCCCCCCCCCCCCCCCCCO,-7.601,4.657,12.664,0.0,0.0,0.005,0.027,1.0,-5.399,2.2218878257262986e-06,0.002,99.63509368896484%,4.802,0.8137606978416443%,0.036,0.124,0.098,0.043,0.015,0.976,0.058,0.01,0.12,0.009,4.79,0.011,0.612,0.005,0.249,0.007,0.006,0.02,0.982,0.015,0.996,0.914,0.273,0.998,6.822,4.824,6.26,0.008,0.001,0.009,0.106,0.358,0.238,0.163,0.308,0.002,0.634,0.015,0.005,438.48,536.226,0.818,1,1,20.23,28,0,0,1,0,0,inf,0,0,0,0,0,0,1,0,0,0.12,1.504,1.0,0.0,0.242,0,1,0,0,Accepted,Rejected,Rejected,Accepted
CCCCCCCC(N)=O,-1.915,1.666,1.987,0.003,0.044,0.003,0.248,0.273,-4.521,3.372138962731697e-05,0.999,79.92455291748047%,0.746,34.88367462158203%,0.735,0.739,0.113,0.125,0.091,0.576,0.015,0.167,0.022,0.105,8.148,0.287,0.073,0.04,0.04,0.018,0.038,0.014,0.488,0.154,0.1,0.935,0.033,0.544,3.251,2.926,3.958,0.127,0.002,0.01,0.005,0.168,0.077,0.052,0.033,0.008,0.031,0.049,0.006,143.13,164.075,0.872,2,2,43.09,6,0,0,2,0,1,6.0,0,0,0,0,0,0,0,0,0,0.566,1.63,0.875,0.0,0.095,0,0,0,0,Accepted,Accepted,Accepted,Rejected
CCCCCCCCCCCC(=O)CCCCCCCCCCC,-6.943,5.014,9.263,0.0,0.0,0.002,0.982,1.0,-5.021,6.179558567964705e-06,0.018,98.24243927001953%,2.372,1.0284844636917114%,0.09,0.175,0.203,0.054,0.07,0.964,0.129,0.063,0.221,0.029,4.999,0.173,0.326,0.03,0.136,0.005,0.021,0.025,0.936,0.029,0.94,0.916,0.928,1.547,5.87,5.672,5.536,0.024,0.002,0.04,0.085,0.405,0.027,0.895,0.251,0.003,0.13,0.029,0.013,338.35,412.518,0.82,1,0,17.07,20,0,0,1,0,1,20.0,0,1,0,0,0,1,1,1,0,0.204,1.68,0.957,0.0,0.341,0,1,0,0,Accepted,Rejected,Rejected,Rejected
CCCCCCCCCCCCCCCCCCCCCCCCCCCCO,-7.468,4.562,11.881,0.0,0.0,0.005,0.035,1.0,-5.314,3.07961067846918e-06,0.003,98.8064193725586%,4.52,0.9359228610992432%,0.045,0.132,0.107,0.044,0.021,0.972,0.085,0.013,0.132,0.011,4.862,0.016,0.544,0.005,0.221,0.007,0.007,0.019,0.979,0.018,0.996,0.915,0.324,1.142,6.628,5.068,6.134,0.01,0.001,0.01,0.124,0.36,0.206,0.177,0.32,0.002,0.636,0.022,0.007,410.45,501.634,0.818,1,1,20.23,26,0,0,1,0,0,inf,0,0,0,0,0,0,1,0,0,0.141,1.491,1.0,0.0,0.259,0,1,0,0,Accepted,Rejected,Rejected,Accepted
CCCCC(CC)C(=O)OC(C)C,-3.463,4.126,3.779,0.023,0.001,0.002,0.166,0.924,-4.322,2.4813423806335777e-05,0.985,69.64063262939453%,1.155,26.97422218322754%,0.906,0.74,0.539,0.829,0.71,0.599,0.013,0.069,0.051,0.315,8.454,0.445,0.018,0.054,0.082,0.008,0.028,0.016,0.703,0.269,0.922,0.965,0.823,0.85,3.513,3.74,4.164,0.247,0.003,0.004,0.006,0.154,0.174,0.004,0.015,0.003,0.019,0.006,0.002,186.16,213.756,0.871,2,0,26.3,7,0,0,2,0,1,7.0,1,0,0,0,0,0,0,0,0,0.596,2.578,0.909,3.0,0.095,0,0,0,0,Accepted,Rejected,Accepted,Rejected
CCCCCCCCCCCCCCCCOC(=O)C(F)(F)F,-6.883,4.445,7.896,0.064,0.0,0.001,0.999,0.996,-4.946,1.157704355136957e-05,0.069,98.44845581054688%,2.755,1.200403094291687%,0.221,0.187,0.478,0.059,0.148,0.889,0.164,0.061,0.302,0.056,3.964,0.027,0.35,0.025,0.162,0.005,0.024,0.012,0.766,0.2,0.989,0.976,0.96,1.319,5.504,6.037,6.068,0.265,0.003,0.012,0.091,0.356,0.032,0.064,0.181,0.004,0.203,0.014,0.036,338.24,353.031,0.958,2,0,26.3,17,0,0,5,0,1,17.0,0,1,0,0,0,0,2,0,0,0.249,2.072,0.944,0.0,-0.048,0,2,0,0,Accepted,Rejected,Rejected,Accepted
CCCCCCCCCCCCCCCCCOS(=O)OCCCC,-7.304,4.807,8.708,0.031,0.526,0.004,0.084,0.988,-4.926,1.474040709581459e-05,0.06,99.36461639404297%,2.112,0.8501812815666199%,0.1,0.211,0.161,0.121,0.07,0.759,0.006,0.03,0.084,0.028,6.256,0.019,0.464,0.726,0.953,0.016,0.018,0.049,0.964,0.257,0.994,0.977,0.886,1.529,5.869,8.095,5.233,0.005,0.002,0.031,0.51,0.346,0.099,0.656,0.746,0.002,0.243,0.264,0.09,376.3,416.652,0.903,3,0,35.53,21,0,0,4,0,1,21.0,1,0,0,1,0,0,1,0,0,0.198,2.735,1.0,1.0,0.246,1,2,0,0,Accepted,Rejected,Rejected,Accepted
CCCCCC=CCC=CCCCCCCCC(=O)Cl,-6.59,4.592,7.172,0.0,0.002,0.007,0.003,0.364,-4.613,1.0714998097682837e-05,0.704,98.08556365966797%,2.683,2.0883564949035645%,0.855,0.185,0.531,0.057,0.588,0.96,0.054,0.28,0.502,0.056,6.88,0.285,0.042,0.041,0.043,0.985,0.017,0.029,0.979,0.855,0.995,0.965,0.959,2.188,4.803,5.534,4.889,0.095,0.003,0.027,0.606,0.12,0.003,0.408,0.167,0.003,0.758,0.811,0.174,298.21,335.976,0.888,1,0,17.07,14,0,0,2,0,3,4.667,0,0,1,1,0,4,2,1,2,0.201,2.497,0.722,0.0,0.901,0,1,0,0,Accepted,Rejected,Rejected,Accepted
CCCCCC=CCC=CCCCCCCCCCC(=O)O,-5.821,3.816,7.438,0.0,0.001,0.011,0.011,0.501,-4.801,2.090664565912448e-05,0.114,98.74886322021484%,0.807,1.4943983554840088%,0.331,0.166,0.171,0.061,0.365,0.99,0.007,0.07,0.109,0.015,3.093,0.494,0.015,0.011,0.009,0.009,0.008,0.017,0.965,0.123,0.983,0.976,0.776,1.511,4.905,4.823,4.502,0.586,0.004,0.01,0.473,0.179,0.014,0.984,0.371,0.004,0.63,0.577,0.102,308.27,364.147,0.847,2,1,37.3,16,0,0,2,0,3,5.333,0,0,0,0,0,0,0,0,0,0.255,2.297,0.75,0.0,1.079,0,1,0,0,Accepted,Rejected,Rejected,Accepted
CCCCCCCCCCCCCCCCCC(=O)OCC(O)CO,-4.526,4.016,6.765,0.01,0.9,0.011,0.907,0.982,-4.867,2.7792448236141354e-05,0.049,97.39385223388672%,0.729,1.4703956842422485%,0.341,0.162,0.275,0.053,0.205,0.913,0.015,0.047,0.39,0.052,7.36,0.527,0.254,0.023,0.029,0.018,0.017,0.01,0.941,0.067,0.007,0.146,0.452,1.195,5.533,4.572,4.491,0.168,0.002,0.006,0.302,0.269,0.005,0.732,0.141,0.002,0.84,0.192,0.154,358.31,404.297,0.886,4,2,66.76,20,0,0,4,0,1,20.0,1,0,0,0,0,0,1,0,0,0.248,2.536,0.952,2.0,0.65,0,1,0,0,Accepted,Rejected,Rejected,Accepted
CCCCCCCCOC(=O)c1ccccc1C(=O)OCCCCCCCC,-7.075,4.366,7.988,0.889,0.001,0.001,1.0,0.998,-4.843,1.6943344235187396e-05,0.019,98.4569091796875%,2.03,1.3287663459777832%,0.213,0.183,0.579,0.051,0.151,0.816,0.491,0.048,0.418,0.053,7.99,0.054,0.254,0.002,0.231,0.004,0.002,0.005,0.948,0.237,0.032,0.987,0.053,1.032,5.729,4.988,5.419,0.087,0.004,0.071,0.171,0.414,0.196,0.022,0.055,0.091,0.563,0.128,0.02,390.28,437.082,0.893,4,0,52.6,18,1,6,4,0,8,2.25,0,0,0,0,0,0,0,0,0,0.232,1.954,0.667,7.0,-0.078,0,0,0,0,Accepted,Rejected,Rejected,Accepted
CCCCCCCCCCCCCCCCCCCCCCCCCCCCCCCCCCCCCO,-8.038,4.989,15.402,0.0,0.0,0.006,0.011,1.0,-5.691,7.200058576017909e-07,0.0,103.24987030029297%,5.757,0.49358367919921875%,0.015,0.097,0.067,0.038,0.005,0.985,0.013,0.005,0.082,0.004,4.566,0.003,0.776,0.003,0.331,0.009,0.003,0.026,0.989,0.009,0.997,0.912,0.143,0.511,7.504,4.132,6.441,0.004,0.001,0.006,0.05,0.352,0.299,0.088,0.269,0.001,0.628,0.004,0.002,536.59,657.298,0.816,1,1,20.23,35,0,0,1,0,0,inf,0,0,0,0,0,0,1,0,0,0.08,1.58,1.0,0.0,0.198,0,1,0,0,Rejected,Rejected,Rejected,Rejected
CCCCCCCCCCC(=O)O,-3.284,2.405,4.304,0.065,0.0,0.005,0.865,0.973,-4.871,3.1657167710363865e-05,0.66,95.56935119628906%,0.287,2.8169493675231934%,0.111,0.314,0.033,0.515,0.188,0.979,0.007,0.103,0.01,0.033,2.361,0.786,0.024,0.036,0.043,0.006,0.059,0.017,0.549,0.109,0.98,0.987,0.649,0.453,4.087,4.091,3.848,0.252,0.003,0.011,0.022,0.16,0.007,0.962,0.114,0.006,0.037,0.036,0.014,186.16,213.756,0.871,2,1,37.3,9,0,0,2,0,1,9.0,0,0,0,0,0,0,0,0,0,0.558,1.558,0.909,0.0,0.533,0,1,0,0,Accepted,Rejected,Rejected,Rejected
CCCCCCCCC1OC1CCCCCCCC(=O)O,-4.73,3.528,6.142,0.269,0.0,0.007,0.624,0.967,-5.03,3.049275437660981e-05,0.05,98.57161712646484%,0.5,1.0515774488449097%,0.046,0.325,0.1,0.432,0.145,0.979,0.008,0.095,0.021,0.024,2.959,0.584,0.026,0.083,0.036,0.025,0.036,0.028,0.932,0.095,0.23,0.876,0.921,1.111,5.109,4.613,4.485,0.353,0.003,0.004,0.797,0.257,0.012,0.985,0.231,0.005,0.07,0.311,0.15,298.25,335.062,0.89,3,1,49.83,15,1,3,3,0,4,3.75,2,2,1,2,0,2,2,1,5,0.329,2.875,0.944,12.686,0.896,0,0,0,0,Accepted,Rejected,Rejected,Accepted
CCCCCCCCC=CCCCCCCCCCCCCC,-7.487,5.146,10.701,0.0,0.001,0.003,0.101,0.982,-4.953,5.76823049414088e-06,0.028,99.55945587158203%,5.075,1.3852788209915161%,0.108,0.154,0.227,0.055,0.065,0.966,0.168,0.053,0.206,0.023,4.544,0.026,0.201,0.003,0.069,0.006,0.014,0.036,0.974,0.034,0.995,0.932,0.075,1.695,6.04,5.571,6.123,0.045,0.002,0.008,0.183,0.342,0.066,0.09,0.203,0.004,0.498,0.171,0.02,322.36,403.728,0.798,0,0,0.0,19,0,0,0,0,1,19.0,0,0,0,0,0,0,1,0,0,0.164,1.69,0.913,0.0,0.561,0,1,0,0,Accepted,Rejected,Rejected,Rejected
CCCCCCCCCCCCCCCCCCCC(=O)O,-6.259,3.642,8.389,0.001,0.0,0.005,0.427,0.996,-5.099,1.7433419998269528e-05,0.017,99.12809753417969%,0.887,0.8210301399230957%,0.209,0.174,0.265,0.062,0.092,0.993,0.014,0.036,0.05,0.011,2.523,0.356,0.102,0.02,0.048,0.005,0.019,0.014,0.942,0.041,0.975,0.95,0.891,1.906,5.562,4.743,4.898,0.215,0.002,0.01,0.097,0.352,0.006,0.979,0.323,0.003,0.395,0.223,0.034,312.3,369.42,0.845,2,1,37.3,18,0,0,2,0,1,18.0,0,0,0,0,0,0,0,0,0,0.274,1.665,0.95,0.0,0.315,0,1,0,0,Accepted,Rejected,Rejected,Accepted
CCOC(=O)CC(=O)OCC,-1.138,0.307,1.124,0.026,0.001,0.003,0.108,0.979,-4.492,0.00013276850222609937,0.996,19.471439361572266%,0.465,77.63275909423828%,0.902,0.139,0.394,0.493,0.051,0.091,0.007,0.133,0.026,0.322,10.879,0.887,0.148,0.013,0.573,0.018,0.023,0.007,0.814,0.304,0.993,0.994,0.102,0.46,2.388,4.134,3.312,0.025,0.103,0.008,0.008,0.065,0.022,0.151,0.082,0.012,0.028,0.004,0.008,160.07,159.516,1.003,4,0,52.6,6,0,0,4,0,2,3.0,0,0,0,0,0,0,0,0,0,0.444,1.853,0.714,0.0,0.145,0,0,0,0,Accepted,Accepted,Accepted,Rejected
CCOC(=O)CC(O)(CC(=O)OCC)C(=O)OCC,-1.462,0.761,1.395,0.141,0.001,0.005,0.894,0.992,-4.575,0.00020641754963435233,0.946,15.412302017211914%,0.373,68.73526763916016%,0.746,0.107,0.689,0.421,0.099,0.117,0.026,0.107,0.026,0.347,8.641,0.633,0.175,0.016,0.756,0.04,0.001,0.021,0.051,0.029,0.741,0.863,0.01,0.287,1.732,3.599,3.105,0.222,0.258,0.012,0.047,0.079,0.045,0.026,0.123,0.088,0.009,0.009,0.226,276.12,269.73,1.024,7,1,99.13,11,0,0,7,0,3,3.667,0,0,0,0,0,0,1,0,0,0.499,2.415,0.75,0.0,0.633,0,0,0,0,Accepted,Accepted,Accepted,Accepted
CCCCCCCCCC(=O)OC,-4.167,3.523,4.252,0.592,0.005,0.003,0.975,0.971,-4.497,2.328349910385441e-05,0.985,91.74224853515625%,0.587,8.54316520690918%,0.972,0.684,0.709,0.602,0.516,0.898,0.026,0.126,0.182,0.134,7.809,0.71,0.076,0.031,0.185,0.007,0.043,0.024,0.926,0.204,0.959,0.978,0.698,0.892,4.499,4.209,4.13,0.111,0.003,0.007,0.02,0.142,0.007,0.015,0.024,0.008,0.217,0.002,0.007,186.16,213.756,0.871,2,0,26.3,9,0,0,2,0,1,9.0,0,0,0,0,0,0,0,0,0,0.429,1.592,0.909,0.0,0.37,0,1,0,0,Accepted,Rejected,Rejected,Rejected
CCCC#CCCCCCCCCC,-6.047,4.445,6.002,0.256,0.001,0.004,0.989,0.997,-4.58,8.91590207174886e-06,0.644,97.47606658935547%,2.503,0.6712068319320679%,0.84,0.229,0.779,0.343,0.472,0.965,0.377,0.118,0.396,0.085,6.003,0.193,0.101,0.016,0.094,0.006,0.035,0.205,0.947,0.075,0.992,0.954,0.354,2.796,5.212,5.729,5.663,0.028,0.003,0.015,0.05,0.337,0.04,0.053,0.444,0.009,0.389,0.072,0.027,194.2,245.427,0.791,0,0,0.0,8,0,0,0,0,1,8.0,0,0,0,0,0,0,1,3,0,0.379,2.248,0.857,0.0,0.859,0,1,0,0,Accepted,Rejected,Rejected,Rejected
CCCCCC1CCC(=O)O1,-2.581,2.322,2.822,0.936,0.004,0.003,0.008,0.858,-4.45,4.538275607046671e-05,0.961,85.4177474975586%,0.65,18.92481803894043%,0.211,0.214,0.068,0.39,0.03,0.875,0.025,0.383,0.123,0.226,9.284,0.726,0.017,0.133,0.143,0.03,0.016,0.776,0.922,0.733,0.951,0.912,0.122,0.678,3.215,2.99,3.927,0.862,0.008,0.006,0.017,0.102,0.024,0.947,0.025,0.009,0.017,0.01,0.01,156.12,170.608,0.915,2,0,26.3,4,1,5,2,0,6,0.667,1,0,0,0,0,0,2,0,0,0.461,2.729,0.889,11.765,2.02,1,0,0,0,Accepted,Accepted,Accepted,Rejected
CCCCCCCCCCCCCC(=O)OC,-6.188,4.173,6.254,0.149,0.002,0.003,0.985,0.993,-4.68,1.8476255718269385e-05,0.76,97.00263214111328%,1.332,1.8723047971725464%,0.873,0.274,0.566,0.186,0.336,0.932,0.078,0.082,0.399,0.083,5.461,0.407,0.168,0.027,0.285,0.006,0.029,0.019,0.949,0.082,0.955,0.973,0.897,2.095,5.194,5.479,4.786,0.315,0.003,0.008,0.025,0.278,0.011,0.08,0.043,0.007,0.278,0.003,0.01,242.22,282.94,0.856,2,0,26.3,13,0,0,2,0,1,13.0,0,0,0,0,0,0,0,0,0,0.361,1.689,0.933,0.0,0.283,0,1,0,0,Accepted,Rejected,Rejected,Accepted
CCCCC=CCCCCCCCC(=O)OC,-5.484,4.266,5.68,0.013,0.014,0.004,0.364,0.942,-4.529,2.137027695425786e-05,0.47,96.70616149902344%,1.966,2.455648899078369%,0.965,0.283,0.652,0.184,0.573,0.937,0.079,0.153,0.587,0.089,8.001,0.532,0.14,0.022,0.04,0.006,0.017,0.019,0.962,0.299,0.958,0.965,0.69,1.679,4.756,4.798,4.868,0.612,0.004,0.006,0.046,0.113,0.007,0.152,0.039,0.008,0.499,0.028,0.024,240.21,280.304,0.857,2,0,26.3,12,0,0,2,0,2,6.0,0,0,0,0,0,0,0,0,0,0.299,2.059,0.8,0.0,0.982,0,0,0,0,Accepted,Rejected,Rejected,Accepted
CCCCCCC=CCCCCCCCC(=O)OC,-6.339,4.416,6.65,0.007,0.009,0.004,0.846,0.965,-4.615,1.862240424088668e-05,0.3,97.0555191040039%,2.411,2.039266586303711%,0.921,0.205,0.559,0.094,0.453,0.942,0.125,0.119,0.59,0.071,6.682,0.382,0.195,0.02,0.049,0.005,0.014,0.018,0.966,0.166,0.956,0.965,0.755,2.447,5.088,5.324,5.164,0.685,0.003,0.007,0.059,0.176,0.008,0.234,0.052,0.008,0.579,0.044,0.031,268.24,314.896,0.852,2,0,26.3,14,0,0,2,0,2,7.0,0,0,0,0,0,0,0,0,0,0.253,2.044,0.824,0.0,0.804,0,0,0,0,Accepted,Rejected,Rejected,Accepted
CCCCCCCCCCCCCCCCCCCC(=O)OC,-7.042,4.46,8.871,0.001,0.001,0.003,0.955,0.999,-4.964,1.124021400755737e-05,0.109,97.1662368774414%,3.112,1.3105305433273315%,0.173,0.183,0.299,0.063,0.103,0.955,0.268,0.041,0.29,0.04,4.655,0.143,0.366,0.023,0.426,0.006,0.018,0.016,0.964,0.042,0.948,0.949,0.893,1.707,5.804,5.469,5.653,0.557,0.002,0.011,0.049,0.351,0.033,0.114,0.11,0.006,0.343,0.006,0.011,326.32,386.716,0.844,2,0,26.3,19,0,0,2,0,1,19.0,0,0,0,0,0,0,0,0,0,0.196,1.755,0.952,0.0,0.209,0,1,0,0,Accepted,Rejected,Rejected,Accepted
CCCCCCCCCCCCCCCCCCCCC(=O)OC,-7.119,4.509,9.28,0.0,0.001,0.003,0.942,0.999,-5.006,9.965189747163095e-06,0.081,97.0566177368164%,3.294,1.26641845703125%,0.14,0.177,0.265,0.061,0.089,0.958,0.274,0.036,0.269,0.036,4.635,0.118,0.401,0.022,0.452,0.006,0.016,0.015,0.966,0.039,0.947,0.937,0.882,1.616,5.901,5.356,5.756,0.555,0.002,0.011,0.051,0.352,0.04,0.102,0.129,0.005,0.352,0.006,0.01,340.33,404.012,0.842,2,0,26.3,20,0,0,2,0,1,20.0,0,0,0,0,0,0,0,0,0,0.179,1.754,0.955,0.0,0.201,0,1,0,0,Accepted,Rejected,Rejected,Accepted
CCCCCCCCC=CCCCCCCCCCCCC(=O)OC,-7.067,4.725,9.152,0.0,0.004,0.004,0.784,0.991,-4.879,1.2492302630562335e-05,0.071,97.71697235107422%,3.932,1.5311613082885742%,0.214,0.173,0.3,0.059,0.127,0.961,0.261,0.059,0.383,0.035,5.049,0.13,0.343,0.015,0.095,0.004,0.008,0.016,0.976,0.065,0.948,0.934,0.617,1.85,5.713,4.88,5.748,0.679,0.003,0.009,0.121,0.316,0.014,0.181,0.127,0.006,0.655,0.059,0.03,352.33,418.672,0.842,2,0,26.3,20,0,0,2,0,2,10.0,0,0,0,0,0,0,0,0,0,0.135,2.135,0.87,0.0,0.611,0,1,0,0,Accepted,Rejected,Rejected,Accepted
CCCCCCCCCCCCCCC(C)CO,-6.559,4.251,7.138,0.001,0.0,0.003,0.25,0.987,-4.646,1.1731719496310689e-05,0.094,98.04712677001953%,2.957,1.7554234266281128%,0.342,0.194,0.361,0.062,0.141,0.929,0.061,0.059,0.171,0.054,5.333,0.128,0.156,0.012,0.082,0.007,0.018,0.014,0.952,0.037,0.966,0.931,0.501,2.357,5.47,5.947,5.034,0.034,0.002,0.004,0.033,0.343,0.065,0.032,0.065,0.003,0.455,0.045,0.019,256.28,311.378,0.823,1,1,20.23,14,0,0,1,0,0,inf,1,0,0,0,0,0,1,0,0,0.395,2.339,1.0,1.0,0.894,0,1,0,0,Accepted,Rejected,Rejected,Accepted
CCCCCCCCCCCCCCCCCCCCCCC(=O)OC,-7.274,4.607,10.075,0.0,0.001,0.003,0.902,1.0,-5.078,7.688782716286369e-06,0.044,96.97600555419922%,3.639,1.1545226573944092%,0.096,0.166,0.208,0.057,0.066,0.963,0.245,0.028,0.24,0.028,4.614,0.082,0.479,0.02,0.492,0.006,0.013,0.016,0.97,0.033,0.946,0.917,0.84,1.461,6.096,5.117,5.952,0.536,0.002,0.01,0.053,0.353,0.059,0.092,0.171,0.005,0.367,0.006,0.009,368.37,438.604,0.84,2,0,26.3,22,0,0,2,0,1,22.0,0,0,0,0,0,0,0,0,0,0.15,1.756,0.958,0.0,0.185,0,1,0,0,Accepted,Rejected,Rejected,Accepted
CCCCCCCCCCCCCCCCCCO,-6.743,4.064,7.701,0.0,0.002,0.004,0.124,0.995,-4.828,1.2849909580836538e-05,0.059,97.54058837890625%,3.031,1.5335890054702759%,0.234,0.183,0.304,0.053,0.098,0.947,0.039,0.04,0.169,0.034,5.427,0.103,0.27,0.01,0.07,0.006,0.017,0.014,0.959,0.037,0.994,0.926,0.496,1.995,5.652,6.066,5.035,0.024,0.002,0.009,0.165,0.362,0.055,0.333,0.221,0.004,0.617,0.118,0.032,270.29,328.674,0.822,1,1,20.23,16,0,0,1,0,0,inf,0,0,0,0,0,0,1,0,0,0.329,1.508,1.0,0.0,0.395,0,1,0,0,Accepted,Rejected,Rejected,Accepted
CCCCCC=CCC=CCCCCCCCC(=O)OCC,-6.596,4.803,7.217,0.001,0.013,0.003,0.008,0.729,-4.526,1.8580740288598463e-05,0.119,97.29402923583984%,2.707,2.0717692375183105%,0.939,0.166,0.601,0.058,0.637,0.937,0.337,0.098,0.608,0.068,7.094,0.265,0.104,0.004,0.02,0.014,0.009,0.015,0.976,0.208,0.974,0.974,0.599,2.841,5.097,5.568,5.178,0.395,0.005,0.006,0.388,0.106,0.007,0.352,0.136,0.003,0.705,0.593,0.037,308.27,364.147,0.847,2,0,26.3,16,0,0,2,0,3,5.333,0,0,0,0,0,0,0,0,0,0.2,2.305,0.75,0.0,0.875,0,0,0,0,Accepted,Rejected,Rejected,Accepted
CCCCCCCCCCC,-6.168,4.463,6.169,0.006,0.001,0.002,0.703,0.995,-4.471,1.2450497706595343e-05,0.627,97.56529235839844%,3.205,2.2126927375793457%,0.91,0.323,0.583,0.328,0.303,0.92,0.085,0.097,0.151,0.083,5.168,0.179,0.123,0.012,0.135,0.008,0.054,0.026,0.918,0.053,0.993,0.968,0.585,2.876,5.106,5.562,4.848,0.048,0.002,0.005,0.015,0.316,0.034,0.028,0.039,0.005,0.113,0.019,0.007,156.19,198.812,0.786,0,0,0.0,8,0,0,0,0,0,inf,0,0,0,0,0,0,1,0,0,0.453,1.195,1.0,0.0,0.222,0,1,0,0,Accepted,Rejected,Rejected,Rejected
CCCC(C)CCCC(C)CC,-6.009,5.425,5.995,0.017,0.001,0.002,0.56,0.916,-4.351,1.1925643775612116e-05,0.589,97.34208679199219%,2.804,2.2831530570983887%,0.923,0.443,0.507,0.809,0.593,0.817,0.138,0.075,0.1,0.15,7.733,0.127,0.033,0.018,0.074,0.005,0.031,0.029,0.817,0.052,0.992,0.976,0.381,2.964,4.65,4.863,5.167,0.02,0.002,0.004,0.004,0.268,0.245,0.005,0.014,0.002,0.277,0.021,0.001,170.2,216.108,0.788,0,0,0.0,7,0,0,0,0,0,inf,2,0,0,0,0,0,1,0,0,0.522,2.813,1.0,2.0,1.048,0,1,0,0,Accepted,Rejected,Rejected,Rejected
CCCCCCCCCCCCCCC(=O)OC,-6.474,4.224,6.731,0.071,0.002,0.002,0.983,0.995,-4.728,1.7237111023860052e-05,0.571,97.21338653564453%,1.69,1.6278516054153442%,0.77,0.217,0.519,0.134,0.284,0.937,0.101,0.073,0.4,0.073,5.197,0.337,0.203,0.027,0.306,0.006,0.028,0.018,0.952,0.072,0.954,0.972,0.904,2.304,5.303,5.631,4.974,0.362,0.003,0.008,0.028,0.303,0.014,0.104,0.049,0.007,0.287,0.004,0.011,256.24,300.236,0.853,2,0,26.3,14,0,0,2,0,1,14.0,0,0,0,0,0,0,0,0,0,0.332,1.715,0.938,0.0,0.268,0,1,0,0,Accepted,Rejected,Rejected,Accepted
CCCCCCCC=CCCCCCCCC(=O)OC,-6.547,4.48,7.097,0.004,0.007,0.004,0.875,0.971,-4.659,1.7662190657574683e-05,0.232,97.12652587890625%,2.716,1.9294860363006592%,0.861,0.2,0.516,0.074,0.387,0.946,0.152,0.104,0.571,0.063,6.14,0.316,0.222,0.019,0.052,0.005,0.013,0.017,0.968,0.13,0.955,0.964,0.751,2.572,5.198,5.434,5.284,0.71,0.003,0.007,0.07,0.221,0.009,0.25,0.06,0.007,0.597,0.051,0.035,282.26,332.192,0.85,2,0,26.3,15,0,0,2,0,2,7.5,0,0,0,0,0,0,0,0,0,0.228,2.055,0.833,0.0,0.764,0,0,0,0,Accepted,Rejected,Rejected,Accepted
CCCCCCCC=CCCCCCCCCC(=O)OC,-6.717,4.535,7.531,0.002,0.006,0.004,0.882,0.977,-4.704,1.6469070033053868e-05,0.179,97.249755859375%,3.024,1.8181709051132202%,0.732,0.194,0.472,0.068,0.318,0.95,0.181,0.092,0.542,0.056,5.771,0.261,0.249,0.018,0.056,0.005,0.012,0.017,0.97,0.113,0.954,0.962,0.734,2.476,5.306,5.401,5.391,0.713,0.003,0.007,0.082,0.249,0.01,0.244,0.069,0.007,0.615,0.054,0.036,296.27,349.488,0.848,2,0,26.3,16,0,0,2,0,2,8.0,0,0,0,0,0,0,0,0,0,0.204,2.068,0.842,0.0,0.727,0,1,0,0,Accepted,Rejected,Rejected,Accepted
CCCCCCCCCCCCCCCCCC(=O)OC,-6.888,4.366,8.049,0.006,0.001,0.002,0.973,0.998,-4.864,1.3927196050644852e-05,0.197,97.34999084472656%,2.647,1.4091501235961914%,0.317,0.195,0.378,0.068,0.144,0.948,0.201,0.052,0.335,0.051,4.767,0.201,0.3,0.025,0.375,0.006,0.022,0.016,0.96,0.05,0.951,0.964,0.903,1.926,5.609,5.691,5.438,0.512,0.002,0.009,0.043,0.343,0.022,0.129,0.079,0.007,0.32,0.005,0.013,298.29,352.124,0.847,2,0,26.3,17,0,0,2,0,1,17.0,0,0,0,0,0,0,0,0,0,0.243,1.762,0.947,0.0,0.229,0,1,0,0,Accepted,Rejected,Rejected,Accepted
CCCCCCCCC=CCCCCCCCCCC(=O)OC,-6.911,4.634,8.357,0.0,0.005,0.004,0.843,0.986,-4.791,1.447205158910947e-05,0.113,97.4916763305664%,3.52,1.672550082206726%,0.396,0.184,0.379,0.063,0.196,0.956,0.246,0.074,0.453,0.044,5.33,0.186,0.292,0.017,0.072,0.005,0.01,0.016,0.973,0.086,0.951,0.954,0.68,2.129,5.519,5.153,5.557,0.704,0.003,0.008,0.108,0.295,0.011,0.222,0.094,0.007,0.644,0.061,0.035,324.3,384.08,0.844,2,0,26.3,18,0,0,2,0,2,9.0,0,0,0,0,0,0,0,0,0,0.164,2.099,0.857,0.0,0.664,0,1,0,0,Accepted,Rejected,Rejected,Accepted
CCCCCCCCCCCCCCCCCCCCCC(=O)OC,-7.197,4.558,9.682,0.0,0.001,0.003,0.923,1.0,-5.047,8.787759725237265e-06,0.06,96.99884033203125%,3.467,1.2145721912384033%,0.116,0.171,0.237,0.059,0.077,0.96,0.267,0.032,0.255,0.032,4.634,0.098,0.437,0.021,0.475,0.006,0.015,0.016,0.968,0.036,0.947,0.925,0.865,1.532,5.999,5.239,5.856,0.549,0.002,0.011,0.052,0.353,0.049,0.095,0.149,0.005,0.361,0.006,0.009,354.35,421.308,0.841,2,0,26.3,21,0,0,2,0,1,21.0,0,0,0,0,0,0,0,0,0,0.164,1.754,0.957,0.0,0.193,0,1,0,0,Accepted,Rejected,Rejected,Accepted
CCCCCCC=CC=CCCCCCCCC(=O)OC,-6.415,4.694,6.948,0.195,0.006,0.004,0.988,0.99,-4.712,1.808547676773742e-05,0.368,97.14905548095703%,2.519,1.8927487134933472%,0.896,0.384,0.544,0.741,0.31,0.938,0.364,0.475,0.868,0.142,3.938,0.419,0.438,0.615,0.025,0.013,0.197,0.749,0.986,0.286,0.746,0.853,0.966,2.18,5.172,5.28,5.898,0.02,0.003,0.016,0.413,0.153,0.005,0.016,0.442,0.04,0.95,0.041,0.987,294.26,346.851,0.848,2,0,26.3,15,0,0,2,0,3,5.0,0,0,0,1,0,0,0,1,0,0.224,2.319,0.737,0.0,0.944,0,0,0,0,Accepted,Rejected,Rejected,Accepted
CCCCCCCCCCCCCCCCCCCCCCCC(=O)OC,-7.346,4.657,10.468,0.0,0.001,0.003,0.88,1.0,-5.103,6.7034993662673514e-06,0.033,97.06303405761719%,3.814,1.0954365730285645%,0.08,0.161,0.18,0.056,0.057,0.966,0.211,0.024,0.229,0.025,4.59,0.067,0.526,0.019,0.505,0.006,0.012,0.016,0.972,0.03,0.945,0.911,0.81,1.39,6.194,4.995,6.04,0.502,0.002,0.01,0.055,0.352,0.073,0.09,0.195,0.004,0.373,0.005,0.008,382.38,455.9,0.839,2,0,26.3,23,0,0,2,0,1,23.0,0,0,0,0,0,0,0,0,0,0.138,1.76,0.96,0.0,0.178,0,1,0,0,Accepted,Rejected,Rejected,Accepted
CCCCCC=CCC=CCC=CCC=CCCCC(=O)OC,-6.316,5.049,6.766,0.0,0.012,0.007,0.001,0.925,-4.493,2.736871647357475e-05,0.349,94.08915710449219%,1.734,2.7053418159484863%,0.972,0.143,0.664,0.061,0.884,0.934,0.175,0.164,0.763,0.07,10.344,0.394,0.007,0.003,0.01,0.382,0.002,0.032,0.985,0.473,0.981,0.94,0.806,2.468,4.162,4.852,4.919,0.845,0.054,0.009,0.399,0.062,0.01,0.664,0.362,0.008,0.847,0.372,0.074,318.26,376.17,0.846,2,0,26.3,15,0,0,2,0,5,3.0,0,0,0,0,0,0,0,0,0,0.213,2.772,0.571,0.0,0.92,0,0,0,0,Accepted,Rejected,Rejected,Rejected
CCCCCC=CCC=CCC=CCCCCC(=O)O,-4.975,3.782,6.193,0.0,0.002,0.008,0.003,0.845,-4.611,4.828589226235636e-06,0.292,97.14663696289062%,0.6,2.337956428527832%,0.128,0.157,0.035,0.064,0.363,0.986,0.007,0.112,0.137,0.022,5.02,0.713,0.002,0.006,0.007,0.163,0.006,0.018,0.968,0.094,0.988,0.985,0.664,0.522,3.59,4.835,4.07,0.725,0.027,0.012,0.064,0.113,0.041,0.982,0.395,0.005,0.703,0.219,0.049,278.22,326.919,0.851,2,1,37.3,13,0,0,2,0,4,3.25,0,0,0,0,0,0,0,0,0,0.348,2.55,0.611,0.0,1.134,0,0,0,0,Accepted,Rejected,Rejected,Accepted
