,Molecule ChEMBL ID,Activity
0,CHEMBL416126,1
1,CHEMBL143776,1
2,CHEMBL322276,1
3,CHEMBL43864,1
4,CHEMBL45090,1
5,CHEMBL29257,1
6,CHEMBL43493,1
7,CHEMBL257054,1
8,CHEMBL408897,1
9,CHEMBL323732,1
10,CHEMBL129861,0
11,CHEMBL320926,1
12,CHEMBL408788,1
13,CHEMBL416146,1
14,CHEMBL108452,1
15,CHEMBL117295,1
16,CHEMBL172364,0
17,CHEMBL66856,1
18,CHEMBL286953,1
19,CHEMBL23808,1
20,CHEMBL283660,1
21,CHEMBL463126,0
22,CHEMBL422530,1
23,CHEMBL43933,1
24,CHEMBL117650,1
25,CHEMBL440001,1
26,CHEMBL42180,1
27,CHEMBL29445,1
28,CHEMBL122,1
29,CHEMBL404108,1
30,CHEMBL258738,1
31,CHEMBL442164,1
32,CHEMBL118,1
33,CHEMBL4074351,1
34,CHEMBL97562,1
35,CHEMBL55188,1
36,CHEMBL92154,1
37,CHEMBL320318,0
38,CHEMBL119720,1
39,CHEMBL108975,1
40,CHEMBL327900,1
41,CHEMBL195887,0
42,CHEMBL6,1
43,CHEMBL561950,1
44,CHEMBL561891,1
45,CHEMBL512578,0
46,CHEMBL280573,0
47,CHEMBL279752,1
48,CHEMBL3309953,0
49,CHEMBL1956389,0
50,CHEMBL1956390,0
51,CHEMBL1956392,0
52,CHEMBL1956395,0
53,CHEMBL1630256,1
54,CHEMBL420987,1
55,CHEMBL151128,1
56,CHEMBL312221,1
57,CHEMBL110514,1
58,CHEMBL300601,1
59,CHEMBL89578,1
60,CHEMBL563,1
61,CHEMBL289653,1
62,CHEMBL110401,1
63,CHEMBL110824,1
64,CHEMBL262744,1
65,CHEMBL371477,1
66,CHEMBL196041,1
67,CHEMBL171335,1
68,CHEMBL1204023,1
69,CHEMBL44038,1
70,CHEMBL325787,1
71,CHEMBL298208,1
72,CHEMBL104147,1
73,CHEMBL17043,1
74,CHEMBL29439,1
75,CHEMBL296447,1
76,CHEMBL324876,1
77,CHEMBL349564,1
78,CHEMBL274271,0
79,CHEMBL17179,1
80,CHEMBL259218,1
81,CHEMBL112,0
82,CHEMBL320111,1
83,CHEMBL1221731,1
84,CHEMBL2283181,1
85,CHEMBL2261940,0
86,CHEMBL346094,0
87,CHEMBL156482,0
88,CHEMBL469785,1
89,CHEMBL2380874,0
90,CHEMBL4640385,1
91,CHEMBL4634111,1
92,CHEMBL2347675,1
93,CHEMBL270305,1
94,CHEMBL403827,1
95,CHEMBL414005,1
96,CHEMBL1669039,1
97,CHEMBL4448997,1
98,CHEMBL4440945,1
99,CHEMBL4562121,1
100,CHEMBL290031,1
101,CHEMBL185420,1
102,CHEMBL170180,0
103,CHEMBL345018,1
104,CHEMBL274587,1
105,CHEMBL273815,1
106,CHEMBL289731,1
107,CHEMBL4065986,1
108,CHEMBL4077653,1
109,CHEMBL4079043,1
110,CHEMBL4102241,1
111,CHEMBL67721,1
112,CHEMBL404515,0
113,CHEMBL25,0
114,CHEMBL278336,1
115,CHEMBL111657,1
116,CHEMBL16171,0
117,CHEMBL150773,0
118,CHEMBL279801,1
119,CHEMBL158316,1
120,CHEMBL42485,1
121,CHEMBL224401,0
122,CHEMBL224400,1
123,CHEMBL376143,0
124,CHEMBL154253,1
125,CHEMBL184281,1
126,CHEMBL105766,1
127,CHEMBL155898,1
128,CHEMBL4173674,0
129,CHEMBL277116,1
130,CHEMBL70104,1
131,CHEMBL4160954,1
132,CHEMBL4172247,1
133,CHEMBL4166937,1
134,CHEMBL127120,0
135,CHEMBL321160,1
136,CHEMBL111314,1
137,CHEMBL52760,1
138,CHEMBL273340,0
139,CHEMBL416363,1
140,CHEMBL1163237,0
141,CHEMBL595838,0
142,CHEMBL45197,1
143,CHEMBL42175,1
144,CHEMBL118839,1
145,CHEMBL127868,1
146,CHEMBL44926,1
147,CHEMBL4531165,1
148,CHEMBL184389,1
149,CHEMBL4465079,1
150,CHEMBL95643,1
151,CHEMBL18264,1
152,CHEMBL95988,1
153,CHEMBL46761,1
154,CHEMBL155980,1
155,CHEMBL110846,1
156,CHEMBL865,1
157,CHEMBL318053,1
158,CHEMBL421385,1
159,CHEMBL268470,0
160,CHEMBL328864,1
161,CHEMBL28220,1
162,CHEMBL297008,1
163,CHEMBL44977,1
164,CHEMBL43089,1
165,CHEMBL43553,1
166,CHEMBL327078,1
167,CHEMBL331148,1
168,CHEMBL117708,1
169,CHEMBL68873,0
170,CHEMBL1632399,0
171,CHEMBL24407,1
172,CHEMBL347378,1
173,CHEMBL26829,1
174,CHEMBL54326,1
175,CHEMBL17184,1
176,CHEMBL294971,1
177,CHEMBL89429,1
178,CHEMBL92102,1
179,CHEMBL342317,0
180,CHEMBL13980,1
181,CHEMBL54945,1
182,CHEMBL346743,0
183,CHEMBL86363,1
184,CHEMBL326097,1
185,CHEMBL278231,1
186,CHEMBL280326,1
187,CHEMBL277519,1
188,CHEMBL18316,1
189,CHEMBL108961,1
190,CHEMBL57837,1
191,CHEMBL321216,1
192,CHEMBL117306,1
193,CHEMBL110660,1
194,CHEMBL419407,1
195,CHEMBL88532,1
196,CHEMBL325298,1
197,CHEMBL338097,0
198,CHEMBL289262,1
199,CHEMBL340573,1
200,CHEMBL306716,1
201,CHEMBL357002,1
202,CHEMBL208704,1
203,CHEMBL361494,1
204,CHEMBL186632,1
205,CHEMBL287646,1
206,CHEMBL127514,1
207,CHEMBL99199,1
208,CHEMBL97059,1
209,CHEMBL111597,1
210,CHEMBL28636,1
211,CHEMBL299806,1
212,CHEMBL56367,1
213,CHEMBL1814713,0
214,CHEMBL42674,1
215,CHEMBL321217,1
216,CHEMBL210897,1
217,CHEMBL282093,1
218,CHEMBL42085,1
219,CHEMBL107706,1
220,CHEMBL28881,1
221,CHEMBL44283,1
222,CHEMBL443791,1
223,CHEMBL127153,1
224,CHEMBL43737,1
225,CHEMBL29766,1
226,CHEMBL418574,1
227,CHEMBL320998,1
228,CHEMBL117855,1
229,CHEMBL206765,1
230,CHEMBL123700,1
231,CHEMBL455827,0
232,CHEMBL373867,0
233,CHEMBL80405,1
234,CHEMBL3309818,1
235,CHEMBL524304,1
236,CHEMBL499349,1
237,CHEMBL416542,0
238,CHEMBL550126,1
239,CHEMBL444539,0
240,CHEMBL551829,1
241,CHEMBL99828,0
242,CHEMBL358295,1
243,CHEMBL51434,1
244,CHEMBL365473,1
245,CHEMBL188115,1
246,CHEMBL3576985,0
247,CHEMBL3576977,0
248,CHEMBL323267,1
249,CHEMBL298269,1
250,CHEMBL339301,0
251,CHEMBL52402,1
252,CHEMBL1957456,0
253,CHEMBL433287,0
254,CHEMBL43331,1
255,CHEMBL126345,0
256,CHEMBL52889,1
257,CHEMBL1164949,0
258,CHEMBL1163238,0
259,CHEMBL185547,1
260,CHEMBL4754406,1
261,CHEMBL4790377,1
262,CHEMBL4790676,1
263,CHEMBL173724,1
264,CHEMBL1950020,1
265,CHEMBL18312,1
266,CHEMBL52888,1
267,CHEMBL4077052,1
268,CHEMBL4084887,1
269,CHEMBL4097207,1
270,CHEMBL4070807,1
271,CHEMBL46712,1
272,CHEMBL29083,1
273,CHEMBL212463,1
274,CHEMBL303870,1
275,CHEMBL148428,1
276,CHEMBL29899,1
277,CHEMBL149167,1
278,CHEMBL496,1
279,CHEMBL224640,1
280,CHEMBL275664,1
281,CHEMBL393127,1
282,CHEMBL45139,0
283,CHEMBL54412,1
284,CHEMBL24349,1
285,CHEMBL13661,1
286,CHEMBL29403,1
287,CHEMBL44141,1
288,CHEMBL54327,1
289,CHEMBL283038,1
290,CHEMBL104336,1
291,CHEMBL322807,1
292,CHEMBL29136,1
293,CHEMBL22812,1
294,CHEMBL92759,1
295,CHEMBL436539,1
296,CHEMBL52019,1
297,CHEMBL1775099,0
298,CHEMBL408156,1
299,CHEMBL237022,0
300,CHEMBL275376,1
301,CHEMBL154,0
302,CHEMBL743,0
303,CHEMBL148708,1
304,CHEMBL1814813,1
305,CHEMBL76154,1
306,CHEMBL67447,1
307,CHEMBL549393,1
308,CHEMBL423638,1
309,CHEMBL373434,1
310,CHEMBL225092,1
311,CHEMBL342770,1
312,CHEMBL4797170,1
313,CHEMBL4779635,1
314,CHEMBL4795119,1
315,CHEMBL4790291,1
316,CHEMBL4783879,1
317,CHEMBL338105,0
318,CHEMBL1814722,0
319,CHEMBL47147,1
320,CHEMBL455837,1
321,CHEMBL298356,1
322,CHEMBL184327,1
323,CHEMBL183515,1
324,CHEMBL287919,1
325,CHEMBL497678,0
326,CHEMBL29717,1
327,CHEMBL156493,1
328,CHEMBL408215,1
329,CHEMBL348104,0
330,CHEMBL314297,1
331,CHEMBL214101,1
332,CHEMBL153,1
333,CHEMBL89263,1
334,CHEMBL168,0
335,CHEMBL464006,0
336,CHEMBL340717,0
337,CHEMBL499348,1
338,CHEMBL525020,1
339,CHEMBL525246,1
340,CHEMBL524542,1
341,CHEMBL524543,1
342,CHEMBL502555,1
343,CHEMBL109177,1
344,CHEMBL67659,1
345,CHEMBL2315855,0
346,CHEMBL1171834,0
347,CHEMBL1076751,0
348,CHEMBL1684142,0
349,CHEMBL1684146,0
350,CHEMBL1684153,0
351,CHEMBL375308,1
352,CHEMBL223691,1
353,CHEMBL1290565,1
354,CHEMBL376711,1
355,CHEMBL426571,1
356,CHEMBL374427,1
357,CHEMBL551148,1
358,CHEMBL420351,1
359,CHEMBL1165011,0
360,CHEMBL4545277,1
361,CHEMBL4458211,1
362,CHEMBL4530289,1
363,CHEMBL110382,1
364,CHEMBL29942,1
365,CHEMBL327384,1
366,CHEMBL12952,1
367,CHEMBL157016,1
368,CHEMBL4127948,1
369,CHEMBL69030,0
370,CHEMBL4527978,0
371,CHEMBL222531,1
372,CHEMBL232615,1
373,CHEMBL1079333,1
374,CHEMBL4537621,0
375,CHEMBL219893,0
376,CHEMBL1164950,0
377,CHEMBL281653,1
378,CHEMBL441769,1
379,CHEMBL4473838,1
380,CHEMBL28155,1
381,CHEMBL405564,1
382,CHEMBL270293,1
383,CHEMBL119418,1
384,CHEMBL183088,1
385,CHEMBL127211,1
386,CHEMBL146742,1
387,CHEMBL1916960,0
388,CHEMBL283178,1
389,CHEMBL3974473,0
390,CHEMBL4444717,1
391,CHEMBL4438795,1
392,CHEMBL270730,1
393,CHEMBL272433,1
394,CHEMBL271103,1
395,CHEMBL271312,1
396,CHEMBL184498,1
397,CHEMBL332937,1
398,CHEMBL4744314,1
399,CHEMBL104422,0
400,CHEMBL120608,1
401,CHEMBL17064,1
402,CHEMBL278392,1
403,CHEMBL285335,1
404,CHEMBL257295,1
405,CHEMBL271339,1
406,CHEMBL274893,1
407,CHEMBL2096836,1
408,CHEMBL442767,1
409,CHEMBL16689,1
410,CHEMBL365778,1
411,CHEMBL417748,1
412,CHEMBL2111539,1
413,CHEMBL316771,1
414,CHEMBL146703,1
415,CHEMBL4856727,1
416,CHEMBL151929,0
417,CHEMBL43511,1
418,CHEMBL2158360,0
419,CHEMBL45192,1
420,CHEMBL285975,1
421,CHEMBL111787,1
422,CHEMBL290945,1
423,CHEMBL13920,1
424,CHEMBL106023,1
425,CHEMBL35992,1
426,CHEMBL146441,0
427,CHEMBL319578,1
428,CHEMBL283177,1
429,CHEMBL321156,1
430,CHEMBL1080231,1
431,CHEMBL145710,1
432,CHEMBL325804,1
433,CHEMBL324957,1
434,CHEMBL28545,0
435,CHEMBL118081,1
436,CHEMBL296984,1
437,CHEMBL304560,1
438,CHEMBL97040,1
439,CHEMBL1288555,1
440,CHEMBL42549,1
441,CHEMBL23175,1
442,CHEMBL47294,1
443,CHEMBL525021,1
444,CHEMBL500674,1
445,CHEMBL499347,1
446,CHEMBL525247,1
447,CHEMBL259972,1
448,CHEMBL332169,1
449,CHEMBL1288538,1
450,CHEMBL1288566,1
451,CHEMBL43616,1
452,CHEMBL329419,1
453,CHEMBL435298,1
454,CHEMBL66552,0
455,CHEMBL224136,1
456,CHEMBL462709,1
457,CHEMBL503641,0
458,CHEMBL179512,0
459,CHEMBL309156,0
460,CHEMBL306673,0
461,CHEMBL286756,1
462,CHEMBL440798,0
463,CHEMBL1630224,1
464,CHEMBL1630252,1
465,CHEMBL1630254,1
466,CHEMBL49918,1
467,CHEMBL4635616,1
468,CHEMBL16855,0
469,CHEMBL158236,1
470,CHEMBL4574215,1
471,CHEMBL432945,1
472,CHEMBL91258,1
473,CHEMBL420869,1
474,CHEMBL29456,1
475,CHEMBL37371,1
476,CHEMBL110822,1
477,CHEMBL320790,1
478,CHEMBL324826,1
479,CHEMBL109030,1
480,CHEMBL29469,1
481,CHEMBL4277993,1
482,CHEMBL4285512,1
483,CHEMBL4279346,1
484,CHEMBL4278057,1
485,CHEMBL4447638,1
486,CHEMBL4462245,1
487,CHEMBL4540871,1
488,CHEMBL4520676,1
489,CHEMBL77714,1
490,CHEMBL1288591,0
491,CHEMBL1288617,1
492,CHEMBL1290434,0
493,CHEMBL13878,1
494,CHEMBL99727,0
495,CHEMBL287909,1
496,CHEMBL363102,1
497,CHEMBL513405,1
498,CHEMBL463125,0
499,CHEMBL114783,1
500,CHEMBL297799,1
501,CHEMBL52820,1
502,CHEMBL46584,1
503,CHEMBL116016,1
504,CHEMBL30236,1
505,CHEMBL482199,0
506,CHEMBL127203,0
507,CHEMBL95022,1
508,CHEMBL2112567,1
509,CHEMBL71423,0
510,CHEMBL44516,1
511,CHEMBL1630233,0
512,CHEMBL1164396,0
513,CHEMBL95558,1
514,CHEMBL1089959,0
515,CHEMBL442036,1
516,CHEMBL184039,1
517,CHEMBL416250,1
518,CHEMBL350039,1
519,CHEMBL365865,1
520,CHEMBL296673,1
521,CHEMBL1290459,1
522,CHEMBL1288564,1
523,CHEMBL1290682,1
524,CHEMBL19299,0
525,CHEMBL42277,1
526,CHEMBL126369,1
527,CHEMBL1288772,1
528,CHEMBL1775091,0
529,CHEMBL13988,1
530,CHEMBL50,0
531,CHEMBL297788,1
532,CHEMBL281847,1
533,CHEMBL2333746,0
534,CHEMBL1631309,1
535,CHEMBL129021,1
536,CHEMBL282924,1
537,CHEMBL324670,1
538,CHEMBL89625,1
539,CHEMBL308692,0
540,CHEMBL417170,1
541,CHEMBL69567,0
542,CHEMBL296370,1
543,CHEMBL23556,1
544,CHEMBL1682229,0
545,CHEMBL43065,0
546,CHEMBL415895,1
547,CHEMBL156256,1
548,CHEMBL571,1
549,CHEMBL257491,1
550,CHEMBL403720,1
551,CHEMBL274990,1
552,CHEMBL281504,0
553,CHEMBL471104,0
554,CHEMBL474935,0
555,CHEMBL452660,1
556,CHEMBL1288565,1
557,CHEMBL1288601,1
558,CHEMBL1939438,0
559,CHEMBL1288469,1
560,CHEMBL686,1
561,CHEMBL147165,1
562,CHEMBL215872,0
563,CHEMBL1958349,1
564,CHEMBL539663,1
565,CHEMBL276800,1
566,CHEMBL4763941,0
567,CHEMBL1630257,1
568,CHEMBL43672,1
569,CHEMBL28599,1
570,CHEMBL4281448,1
571,CHEMBL41739,1
572,CHEMBL25030,1
573,CHEMBL184075,1
574,CHEMBL316455,1
575,CHEMBL195825,1
576,CHEMBL519521,0
577,CHEMBL276663,1
578,CHEMBL126418,0
579,CHEMBL4466839,0
580,CHEMBL13623,1
581,CHEMBL330162,1
582,CHEMBL3601276,1
583,CHEMBL3357954,0
584,CHEMBL364166,1
585,CHEMBL45247,1
586,CHEMBL1077,1
587,CHEMBL3314087,1
588,CHEMBL3309820,1
589,CHEMBL106255,1
590,CHEMBL93372,1
591,CHEMBL23241,1
592,CHEMBL110836,1
593,CHEMBL408216,0
594,CHEMBL272678,1
595,CHEMBL306639,0
596,CHEMBL4757667,1
597,CHEMBL3290194,0
598,CHEMBL1917100,1
599,CHEMBL1957455,0
600,CHEMBL3410352,0
601,CHEMBL550069,1
602,CHEMBL17101,1
603,CHEMBL24363,1
604,CHEMBL280636,1
605,CHEMBL324863,1
606,CHEMBL111427,1
607,CHEMBL43842,1
608,CHEMBL70264,0
609,CHEMBL42709,1
610,CHEMBL301582,1
611,CHEMBL1221729,0
612,CHEMBL298762,1
613,CHEMBL1164245,0
614,CHEMBL1079335,1
615,CHEMBL602675,0
616,CHEMBL4443644,1
617,CHEMBL4450095,1
618,CHEMBL3410348,0
619,CHEMBL405623,1
620,CHEMBL42077,0
621,CHEMBL1230209,1
622,CHEMBL126991,1
623,CHEMBL18790,1
624,CHEMBL270517,0
625,CHEMBL270723,0
626,CHEMBL526370,1
627,CHEMBL500936,1
628,CHEMBL526720,1
629,CHEMBL499070,1
630,CHEMBL19056,0
631,CHEMBL1288696,0
632,CHEMBL1288695,1
633,CHEMBL1288468,1
634,CHEMBL24415,1
635,CHEMBL512400,1
636,CHEMBL28801,1
637,CHEMBL3314086,1
638,CHEMBL2063732,0
639,CHEMBL282301,1
640,CHEMBL118064,1
641,CHEMBL29842,1
642,CHEMBL277006,1
643,CHEMBL1916948,0
644,CHEMBL1077403,1
645,CHEMBL1288556,0
646,CHEMBL551017,1
647,CHEMBL559952,1
648,CHEMBL2337409,1
649,CHEMBL559886,1
650,CHEMBL43957,1
651,CHEMBL52454,1
652,CHEMBL42561,1
653,CHEMBL117528,1
654,CHEMBL1957450,1
655,CHEMBL109623,1
656,CHEMBL283388,1
657,CHEMBL3113235,1
658,CHEMBL3775510,1
659,CHEMBL2347671,1
660,CHEMBL2347668,1
661,CHEMBL3410355,1
662,CHEMBL1290321,1
663,CHEMBL165,1
664,CHEMBL2018675,0
665,CHEMBL1241992,0
666,CHEMBL295032,1
667,CHEMBL421417,1
668,CHEMBL29472,1
669,CHEMBL110418,1
670,CHEMBL42225,1
671,CHEMBL119852,1
672,CHEMBL332725,1
673,CHEMBL51860,1
674,CHEMBL321182,1
675,CHEMBL283086,1
676,CHEMBL271551,0
677,CHEMBL410524,0
678,CHEMBL271338,0
679,CHEMBL257103,1
680,CHEMBL271337,1
681,CHEMBL296662,1
682,CHEMBL558340,1
683,CHEMBL46636,1
684,CHEMBL110462,0
685,CHEMBL1957451,0
686,CHEMBL16850,1
687,CHEMBL279133,1
688,CHEMBL157720,1
689,CHEMBL3233599,1
690,CHEMBL96110,1
691,CHEMBL88549,1
692,CHEMBL184764,1
693,CHEMBL291912,1
694,CHEMBL54039,1
695,CHEMBL184145,1
696,CHEMBL157886,1
697,CHEMBL178383,0
698,CHEMBL362138,1
699,CHEMBL277385,1
700,CHEMBL4059594,1
701,CHEMBL155206,1
702,CHEMBL29133,1
703,CHEMBL44468,1
704,CHEMBL92793,1
705,CHEMBL318206,1
706,CHEMBL564962,1
707,CHEMBL4282685,0
708,CHEMBL4283447,1
709,CHEMBL321643,1
710,CHEMBL442548,1
711,CHEMBL42119,1
712,CHEMBL90447,1
713,CHEMBL88649,1
714,CHEMBL324048,1
715,CHEMBL326270,1
716,CHEMBL30091,1
717,CHEMBL117852,1
718,CHEMBL321597,1
719,CHEMBL92107,1
720,CHEMBL108512,1
721,CHEMBL319148,1
722,CHEMBL4466390,1
723,CHEMBL3808516,0
724,CHEMBL4290032,1
725,CHEMBL183178,1
726,CHEMBL364804,1
727,CHEMBL359586,1
728,CHEMBL365883,1
729,CHEMBL95156,1
730,CHEMBL4440435,1
731,CHEMBL4443996,1
732,CHEMBL3290205,0
733,CHEMBL4065530,1
734,CHEMBL3127462,1
735,CHEMBL279552,1
736,CHEMBL161728,1
737,CHEMBL348390,1
738,CHEMBL264300,1
739,CHEMBL109017,1
740,CHEMBL94494,1
741,CHEMBL315585,1
742,CHEMBL347187,1
743,CHEMBL296384,1
744,CHEMBL55072,1
745,CHEMBL432112,1
746,CHEMBL30084,1
747,CHEMBL46623,1
748,CHEMBL110331,1
749,CHEMBL2018563,0
750,CHEMBL2018568,0
751,CHEMBL2023860,1
752,CHEMBL2333754,0
753,CHEMBL1957879,0
754,CHEMBL1950018,1
755,CHEMBL1950019,1
756,CHEMBL43645,1
757,CHEMBL289169,1
758,CHEMBL1316,1
759,CHEMBL2146750,0
760,CHEMBL559089,0
761,CHEMBL311498,0
762,CHEMBL256847,0
763,CHEMBL406527,0
764,CHEMBL272208,0
765,CHEMBL270078,0
766,CHEMBL255378,0
767,CHEMBL403099,0
768,CHEMBL273118,0
769,CHEMBL2283161,1
770,CHEMBL462911,1
771,CHEMBL63323,1
772,CHEMBL3410353,0
773,CHEMBL4176892,1
774,CHEMBL348087,1
775,CHEMBL365603,1
776,CHEMBL70478,1
777,CHEMBL4589007,1
778,CHEMBL4474290,1
779,CHEMBL4450483,1
780,CHEMBL373819,0
781,CHEMBL3265356,0
782,CHEMBL3265357,0
783,CHEMBL3287559,1
784,CHEMBL1957574,0
785,CHEMBL97943,1
786,CHEMBL363574,1
787,CHEMBL443278,1
788,CHEMBL362290,1
789,CHEMBL183294,1
790,CHEMBL69053,1
791,CHEMBL94938,1
792,CHEMBL4177185,1
793,CHEMBL4165597,1
794,CHEMBL4758065,1
795,CHEMBL4065185,1
796,CHEMBL4072244,1
797,CHEMBL4096865,1
798,CHEMBL374168,0
799,CHEMBL3402326,0
800,CHEMBL1945285,1
801,CHEMBL24874,1
802,CHEMBL1955883,0
803,CHEMBL1957571,0
804,CHEMBL1950010,1
805,CHEMBL1950017,1
806,CHEMBL418516,1
807,CHEMBL4475300,0
808,CHEMBL432782,1
809,CHEMBL411894,1
810,CHEMBL328906,1
811,CHEMBL346288,0
812,CHEMBL146005,0
813,CHEMBL143113,0
814,CHEMBL405071,0
815,CHEMBL271104,0
816,CHEMBL271348,1
817,CHEMBL271614,1
818,CHEMBL403957,1
819,CHEMBL4216007,0
820,CHEMBL2347676,1
821,CHEMBL4127794,1
822,CHEMBL1916958,0
823,CHEMBL273420,1
824,CHEMBL328009,1
825,CHEMBL158148,1
826,CHEMBL144728,1
827,CHEMBL24798,1
828,CHEMBL27784,1
829,CHEMBL275843,1
830,CHEMBL320330,1
831,CHEMBL330516,1
832,CHEMBL92443,1
833,CHEMBL91832,1
834,CHEMBL325370,1
835,CHEMBL1221678,0
836,CHEMBL3342574,1
837,CHEMBL436990,0
838,CHEMBL1957885,1
839,CHEMBL324312,1
840,CHEMBL322045,1
841,CHEMBL111045,1
842,CHEMBL161590,1
843,CHEMBL512917,1
844,CHEMBL108201,1
845,CHEMBL4780406,1
846,CHEMBL4794089,1
847,CHEMBL4784956,1
848,CHEMBL4781926,1
849,CHEMBL4786875,1
850,CHEMBL4779437,1
851,CHEMBL4528376,0
852,CHEMBL4546047,0
853,CHEMBL4559732,0
854,CHEMBL4471677,0
855,CHEMBL4556356,0
856,CHEMBL1684152,0
857,CHEMBL4091890,1
858,CHEMBL4079032,1
859,CHEMBL4097045,1
860,CHEMBL442706,1
861,CHEMBL595153,0
862,CHEMBL457331,1
863,CHEMBL407368,1
864,CHEMBL3775676,0
865,CHEMBL4521969,1
866,CHEMBL4440974,1
867,CHEMBL4552101,1
868,CHEMBL3104549,0
869,CHEMBL3113239,1
870,CHEMBL104,0
871,CHEMBL1631310,1
872,CHEMBL4559652,1
873,CHEMBL4754867,0
874,CHEMBL4777820,0
875,CHEMBL4787953,0
876,CHEMBL4778555,0
877,CHEMBL280496,1
878,CHEMBL419268,1
879,CHEMBL348645,0
880,CHEMBL353688,0
881,CHEMBL298476,1
882,CHEMBL173072,1
883,CHEMBL341320,1
884,CHEMBL2023861,1
885,CHEMBL18498,1
886,CHEMBL4871207,1
887,CHEMBL1201124,1
888,CHEMBL29840,1
889,CHEMBL410419,1
890,CHEMBL4852569,1
891,CHEMBL3290199,1
892,CHEMBL298296,1
893,CHEMBL1682200,1
894,CHEMBL4865464,1
895,CHEMBL444805,1
896,CHEMBL1632404,0
897,CHEMBL1632396,0
898,CHEMBL26509,1
899,CHEMBL497859,1
900,CHEMBL497858,1
901,CHEMBL388628,1
902,CHEMBL174777,1
903,CHEMBL3596283,0
904,CHEMBL4210856,1
905,CHEMBL126303,1
906,CHEMBL48758,1
907,CHEMBL274473,1
908,CHEMBL319825,1
909,CHEMBL106302,1
910,CHEMBL428710,1
911,CHEMBL24009,1
912,CHEMBL347705,1
913,CHEMBL42996,1
914,CHEMBL73572,1
915,CHEMBL326254,1
916,CHEMBL4277468,1
917,CHEMBL4288146,1
918,CHEMBL4277505,1
919,CHEMBL4291556,1
920,CHEMBL1034,1
921,CHEMBL102223,1
922,CHEMBL300982,1
923,CHEMBL1669036,1
924,CHEMBL18797,1
925,CHEMBL317606,0
926,CHEMBL151042,1
927,CHEMBL358097,0
928,CHEMBL326639,1
929,CHEMBL110446,1
930,CHEMBL1814708,0
931,CHEMBL1814710,0
932,CHEMBL1814712,0
933,CHEMBL1814721,0
934,CHEMBL1814723,0
935,CHEMBL1684136,0
936,CHEMBL24687,1
937,CHEMBL2171246,0
938,CHEMBL3287567,1
939,CHEMBL4279764,1
940,CHEMBL159303,0
941,CHEMBL405744,1
942,CHEMBL3747206,1
943,CHEMBL3746308,1
944,CHEMBL351914,1
945,CHEMBL75435,1
946,CHEMBL29397,1
947,CHEMBL434014,0
948,CHEMBL23649,1
949,CHEMBL282242,1
950,CHEMBL151441,0
951,CHEMBL424063,1
952,CHEMBL95989,1
953,CHEMBL416589,1
954,CHEMBL35685,0
955,CHEMBL155781,1
956,CHEMBL16516,1
957,CHEMBL271173,1
958,CHEMBL143781,1
959,CHEMBL2347677,1
960,CHEMBL4289748,1
961,CHEMBL4471323,0
962,CHEMBL270351,0
963,CHEMBL24957,1
964,CHEMBL4574444,0
965,CHEMBL3289926,0
966,CHEMBL3289942,0
967,CHEMBL3810371,0
968,CHEMBL330194,1
969,CHEMBL4529760,1
970,CHEMBL4444603,1
971,CHEMBL171147,0
972,CHEMBL129308,0
973,CHEMBL497716,0
974,CHEMBL29839,1
975,CHEMBL4564780,1
976,CHEMBL4450213,1
977,CHEMBL338126,0
978,CHEMBL4444316,1
979,CHEMBL4569755,1
980,CHEMBL328837,1
981,CHEMBL97846,1
982,CHEMBL97411,1
983,CHEMBL55395,1
984,CHEMBL173283,0
985,CHEMBL5266412,1
986,CHEMBL5271448,0
987,CHEMBL1956384,0
988,CHEMBL43210,0
989,CHEMBL328003,1
990,CHEMBL42408,1
991,CHEMBL463571,1
992,CHEMBL423576,1
993,CHEMBL85139,1
994,CHEMBL144100,1
995,CHEMBL145180,0
996,CHEMBL111356,1
997,CHEMBL122357,1
998,CHEMBL331921,1
999,CHEMBL278492,1
1000,CHEMBL281694,1
1001,CHEMBL29583,1
1002,CHEMBL281457,1
1003,CHEMBL3410350,0
1004,CHEMBL1275940,0
1005,CHEMBL1814711,0
1006,CHEMBL1814720,0
1007,CHEMBL4466770,1
1008,CHEMBL4532080,1
1009,CHEMBL4559201,1
1010,CHEMBL4560235,1
1011,CHEMBL1288618,1
1012,CHEMBL1288619,1
1013,CHEMBL1290433,1
1014,CHEMBL2337402,1
1015,CHEMBL3290196,0
1016,CHEMBL4644150,1
1017,CHEMBL4643407,1
1018,CHEMBL417204,1
1019,CHEMBL306946,1
1020,CHEMBL5272361,1
1021,CHEMBL5275735,1
1022,CHEMBL5283786,1
1023,CHEMBL5283831,1
1024,CHEMBL5275290,1
1025,CHEMBL28913,1
1026,CHEMBL516680,1
1027,CHEMBL318881,1
1028,CHEMBL2111594,1
1029,CHEMBL269818,0
1030,CHEMBL420628,1
1031,CHEMBL68972,0
1032,CHEMBL29423,1
1033,CHEMBL433427,1
1034,CHEMBL28216,1
1035,CHEMBL1086612,0
1036,CHEMBL1082015,0
1037,CHEMBL1087267,0
1038,CHEMBL318495,1
1039,CHEMBL127642,0
1040,CHEMBL88286,1
1041,CHEMBL316823,1
1042,CHEMBL283633,1
1043,CHEMBL306232,1
1044,CHEMBL174990,1
1045,CHEMBL282084,1
1046,CHEMBL45331,1
1047,CHEMBL148542,0
1048,CHEMBL4212341,1
1049,CHEMBL4210463,1
1050,CHEMBL4789884,0
1051,CHEMBL1288467,1
1052,CHEMBL1689433,0
1053,CHEMBL45886,1
1054,CHEMBL4285920,1
1055,CHEMBL4288714,1
1056,CHEMBL4576864,1
1057,CHEMBL4450458,1
1058,CHEMBL2283156,1
1059,CHEMBL5287285,1
1060,CHEMBL5270840,1
1061,CHEMBL5270103,1
1062,CHEMBL122397,1
1063,CHEMBL5267222,1
1064,CHEMBL525250,1
1065,CHEMBL502554,1
1066,CHEMBL421608,1
1067,CHEMBL29492,0
1068,CHEMBL42710,0
1069,CHEMBL145,0
1070,CHEMBL29097,0
1071,CHEMBL1078373,0
1072,CHEMBL456619,1
1073,CHEMBL402978,0
1074,CHEMBL3289929,0
1075,CHEMBL3289933,0
1076,CHEMBL490292,1
1077,CHEMBL1088301,0
1078,CHEMBL517334,0
1079,CHEMBL473946,1
1080,CHEMBL259678,0
1081,CHEMBL4792442,1
1082,CHEMBL509,1
1083,CHEMBL65793,1
1084,CHEMBL23170,1
1085,CHEMBL1242459,0
1086,CHEMBL3265346,0
1087,CHEMBL322132,1
1088,CHEMBL34913,1
1089,CHEMBL433428,1
1090,CHEMBL432335,0
1091,CHEMBL480462,0
1092,CHEMBL108857,1
1093,CHEMBL93024,1
1094,CHEMBL38368,1
1095,CHEMBL389398,0
1096,CHEMBL507789,1
1097,CHEMBL105350,0
1098,CHEMBL181529,0
1099,CHEMBL127125,1
1100,CHEMBL272627,1
1101,CHEMBL405123,1
1102,CHEMBL610196,0
1103,CHEMBL17075,1
1104,CHEMBL4475349,1
1105,CHEMBL4441970,1
1106,CHEMBL4474324,1
1107,CHEMBL441414,1
1108,CHEMBL145029,0
1109,CHEMBL1088300,0
1110,CHEMBL279550,0
1111,CHEMBL282838,1
1112,CHEMBL433892,1
1113,CHEMBL29562,1
1114,CHEMBL43282,1
1115,CHEMBL282360,1
1116,CHEMBL55805,1
1117,CHEMBL4239360,1
1118,CHEMBL106445,1
1119,CHEMBL491081,0
1120,CHEMBL490673,0
1121,CHEMBL179204,0
1122,CHEMBL458647,1
1123,CHEMBL2283155,1
1124,CHEMBL504631,1
1125,CHEMBL368468,1
1126,CHEMBL319306,1
1127,CHEMBL593268,0
1128,CHEMBL603439,0
1129,CHEMBL25288,1
1130,CHEMBL457332,1
1131,CHEMBL1894768,1
1132,CHEMBL257483,1
1133,CHEMBL259468,1
1134,CHEMBL272393,1
1135,CHEMBL111095,1
1136,CHEMBL315520,1
1137,CHEMBL30011,1
1138,CHEMBL350422,1
1139,CHEMBL328616,1
1140,CHEMBL329919,1
1141,CHEMBL452744,1
1142,CHEMBL452730,1
1143,CHEMBL292413,1
1144,CHEMBL345108,1
1145,CHEMBL10345,1
1146,CHEMBL319764,1
1147,CHEMBL1669028,0
1148,CHEMBL100331,1
1149,CHEMBL313387,1
1150,CHEMBL100092,1
1151,CHEMBL317332,1
1152,CHEMBL18040,1
1153,CHEMBL277118,1
1154,CHEMBL92485,1
1155,CHEMBL43002,1
1156,CHEMBL322949,1
1157,CHEMBL28528,1
1158,CHEMBL98514,1
1159,CHEMBL4074153,1
1160,CHEMBL71372,1
1161,CHEMBL2016598,0
1162,CHEMBL2347673,1
1163,CHEMBL2347672,1
1164,CHEMBL2346675,1
1165,CHEMBL4641800,1
1166,CHEMBL172128,0
1167,CHEMBL341298,0
1168,CHEMBL329292,1
1169,CHEMBL348041,1
1170,CHEMBL321898,0
1171,CHEMBL101503,0
1172,CHEMBL300021,1
1173,CHEMBL338914,0
1174,CHEMBL42223,1
1175,CHEMBL42074,0
1176,CHEMBL467837,1
1177,CHEMBL414883,1
1178,CHEMBL43520,1
1179,CHEMBL284761,1
1180,CHEMBL1081855,1
1181,CHEMBL1079876,1
1182,CHEMBL1078090,1
1183,CHEMBL1078376,0
1184,CHEMBL423296,1
1185,CHEMBL100091,1
1186,CHEMBL316866,1
1187,CHEMBL327751,1
1188,CHEMBL1814716,0
1189,CHEMBL1814725,0
1190,CHEMBL412307,1
1191,CHEMBL1626804,0
1192,CHEMBL69667,1
1193,CHEMBL339890,0
1194,CHEMBL171299,0
1195,CHEMBL319512,1
1196,CHEMBL16814,0
1197,CHEMBL294967,1
1198,CHEMBL294715,1
1199,CHEMBL357543,1
1200,CHEMBL146247,1
1201,CHEMBL15904,0
1202,CHEMBL95572,1
1203,CHEMBL66435,1
1204,CHEMBL300710,1
1205,CHEMBL88493,1
1206,CHEMBL276324,1
1207,CHEMBL16878,0
1208,CHEMBL89089,1
1209,CHEMBL421826,1
1210,CHEMBL320585,1
1211,CHEMBL95479,1
1212,CHEMBL298084,1
1213,CHEMBL129215,0
1214,CHEMBL148691,0
1215,CHEMBL108936,1
1216,CHEMBL291338,1
1217,CHEMBL431546,1
1218,CHEMBL1288539,1
1219,CHEMBL1290683,1
1220,CHEMBL1290801,0
1221,CHEMBL510672,0
1222,CHEMBL281379,1
1223,CHEMBL361563,1
1224,CHEMBL409023,0
1225,CHEMBL200812,1
1226,CHEMBL1766288,1
1227,CHEMBL1631308,1
1228,CHEMBL407951,0
1229,CHEMBL524662,1
1230,CHEMBL502286,1
1231,CHEMBL1632406,0
1232,CHEMBL365267,1
1233,CHEMBL1775107,0
1234,CHEMBL1775103,0
1235,CHEMBL147607,1
1236,CHEMBL4175569,0
1237,CHEMBL4167707,0
1238,CHEMBL4171075,1
1239,CHEMBL146920,0
1240,CHEMBL469,1
1241,CHEMBL3309444,0
1242,CHEMBL1290802,1
1243,CHEMBL1289129,1
1244,CHEMBL325437,1
1245,CHEMBL17069,1
1246,CHEMBL18373,1
1247,CHEMBL3809163,0
1248,CHEMBL49319,1
1249,CHEMBL2283168,0
1250,CHEMBL2283164,1
1251,CHEMBL49011,1
1252,CHEMBL299251,1
1253,CHEMBL1288728,1
1254,CHEMBL1288697,1
1255,CHEMBL281978,1
1256,CHEMBL88550,1
1257,CHEMBL328521,1
1258,CHEMBL1630245,0
1259,CHEMBL1630226,1
1260,CHEMBL300600,1
1261,CHEMBL345620,1
1262,CHEMBL42595,1
1263,CHEMBL463675,0
1264,CHEMBL1288533,1
1265,CHEMBL1230348,1
1266,CHEMBL1630230,1
1267,CHEMBL1630251,1
1268,CHEMBL15945,1
1269,CHEMBL1682230,0
1270,CHEMBL1689430,1
1271,CHEMBL446974,0
1272,CHEMBL1684141,0
1273,CHEMBL277115,1
1274,CHEMBL4243589,1
1275,CHEMBL1288641,1
1276,CHEMBL1290564,1
1277,CHEMBL1288730,1
1278,CHEMBL1290803,1
1279,CHEMBL1078683,0
1280,CHEMBL1079074,0
1281,CHEMBL622,1
1282,CHEMBL1956385,0
1283,CHEMBL171471,0
1284,CHEMBL393292,0
1285,CHEMBL464610,0
1286,CHEMBL170780,0
1287,CHEMBL287447,1
1288,CHEMBL111321,1
1289,CHEMBL356794,0
1290,CHEMBL144547,0
1291,CHEMBL342799,0
1292,CHEMBL227135,0
1293,CHEMBL318464,1
1294,CHEMBL43461,1
1295,CHEMBL499068,1
1296,CHEMBL501208,1
1297,CHEMBL157714,0
1298,CHEMBL502285,1
1299,CHEMBL500675,1
1300,CHEMBL347842,1
1301,CHEMBL491079,1
1302,CHEMBL435381,1
1303,CHEMBL115979,1
1304,CHEMBL2391048,0
1305,CHEMBL4071983,1
1306,CHEMBL2171251,0
1307,CHEMBL229245,1
1308,CHEMBL54746,1
1309,CHEMBL42094,1
1310,CHEMBL361055,1
1311,CHEMBL1957567,0
1312,CHEMBL101459,0
1313,CHEMBL48568,0
1314,CHEMBL148153,1
1315,CHEMBL507398,1
1316,CHEMBL3289924,0
1317,CHEMBL561888,1
1318,CHEMBL316786,0
1319,CHEMBL563322,1
1320,CHEMBL550473,1
1321,CHEMBL4075687,0
1322,CHEMBL407109,1
1323,CHEMBL220113,0
1324,CHEMBL1163223,0
1325,CHEMBL2234864,0
1326,CHEMBL1950013,1
1327,CHEMBL182033,0
1328,CHEMBL2334135,0
1329,CHEMBL2334139,0
1330,CHEMBL362779,1
1331,CHEMBL3734939,1
1332,CHEMBL115410,1
1333,CHEMBL2347669,1
1334,CHEMBL2347667,1
1335,CHEMBL109341,0
1336,CHEMBL4453592,0
1337,CHEMBL111562,1
1338,CHEMBL3906128,1
1339,CHEMBL4109738,1
1340,CHEMBL1939511,1
1341,CHEMBL29533,1
1342,CHEMBL43366,1
1343,CHEMBL43149,1
1344,CHEMBL5270605,1
1345,CHEMBL5271593,1
1346,CHEMBL18148,1
1347,CHEMBL80047,1
1348,CHEMBL4851236,1
1349,CHEMBL4873184,1
1350,CHEMBL23588,1
1351,CHEMBL110612,1
1352,CHEMBL501676,1
1353,CHEMBL375309,1
1354,CHEMBL222732,1
1355,CHEMBL182820,1
1356,CHEMBL43265,1
1357,CHEMBL28491,1
1358,CHEMBL154373,1
1359,CHEMBL290739,1
1360,CHEMBL344959,1
1361,CHEMBL156399,1
1362,CHEMBL27982,1
1363,CHEMBL154839,1
1364,CHEMBL303688,1
1365,CHEMBL442166,1
1366,CHEMBL280601,1
1367,CHEMBL1957452,0
1368,CHEMBL1957568,0
1369,CHEMBL157730,1
1370,CHEMBL155247,1
1371,CHEMBL347147,1
1372,CHEMBL332028,1
1373,CHEMBL317321,1
1374,CHEMBL265562,1
1375,CHEMBL42940,1
1376,CHEMBL281001,0
1377,CHEMBL324093,1
1378,CHEMBL24869,1
1379,CHEMBL43317,1
1380,CHEMBL17062,1
1381,CHEMBL88717,1
1382,CHEMBL2112872,1
1383,CHEMBL269832,1
1384,CHEMBL272862,1
1385,CHEMBL272239,1
1386,CHEMBL407035,0
1387,CHEMBL2283148,1
1388,CHEMBL3355609,1
1389,CHEMBL522267,0
1390,CHEMBL356596,1
1391,CHEMBL157629,1
1392,CHEMBL322703,1
1393,CHEMBL154480,1
1394,CHEMBL88899,1
1395,CHEMBL155658,1
1396,CHEMBL154589,0
1397,CHEMBL3981625,0
1398,CHEMBL3974298,0
1399,CHEMBL3903347,0
1400,CHEMBL319072,1
1401,CHEMBL4559991,1
1402,CHEMBL1957572,0
1403,CHEMBL1957573,0
1404,CHEMBL1221727,0
1405,CHEMBL169,0
1406,CHEMBL2087942,0
1407,CHEMBL1958348,1
1408,CHEMBL329052,1
1409,CHEMBL3265352,0
1410,CHEMBL1957878,0
1411,CHEMBL4171063,1
1412,CHEMBL4165753,1
1413,CHEMBL48671,1
1414,CHEMBL126683,1
1415,CHEMBL297177,1
1416,CHEMBL466188,0
1417,CHEMBL304054,1
1418,CHEMBL3949091,1
1419,CHEMBL107088,1
1420,CHEMBL2337399,1
1421,CHEMBL319359,1
1422,CHEMBL3290201,1
1423,CHEMBL2315017,1
1424,CHEMBL2204564,0
1425,CHEMBL2023862,1
1426,CHEMBL578389,1
1427,CHEMBL2315853,1
1428,CHEMBL2315856,1
1429,CHEMBL144913,0
1430,CHEMBL347720,1
1431,CHEMBL117547,1
1432,CHEMBL110448,0
1433,CHEMBL332251,1
1434,CHEMBL158493,1
1435,CHEMBL116438,0
1436,CHEMBL3906394,0
1437,CHEMBL2386352,1
1438,CHEMBL558230,1
1439,CHEMBL551419,1
1440,CHEMBL561609,1
1441,CHEMBL1080405,1
1442,CHEMBL1684148,0
1443,CHEMBL1684150,0
1444,CHEMBL1938840,1
1445,CHEMBL3238415,1
1446,CHEMBL118962,1
1447,CHEMBL145071,0
1448,CHEMBL31060,1
1449,CHEMBL325894,1
1450,CHEMBL98492,0
1451,CHEMBL109143,1
1452,CHEMBL144533,0
1453,CHEMBL3952880,0
1454,CHEMBL156401,1
1455,CHEMBL358246,0
1456,CHEMBL320986,0
1457,CHEMBL54649,1
1458,CHEMBL111786,1
1459,CHEMBL324923,1
1460,CHEMBL290192,1
1461,CHEMBL1939677,1
1462,CHEMBL1939675,1
1463,CHEMBL3905421,1
1464,CHEMBL2337406,1
1465,CHEMBL2262934,0
1466,CHEMBL404362,1
1467,CHEMBL271549,1
1468,CHEMBL29920,1
1469,CHEMBL319244,0
1470,CHEMBL2337405,1
1471,CHEMBL1939514,1
1472,CHEMBL314225,1
1473,CHEMBL116343,1
1474,CHEMBL828,1
1475,CHEMBL499041,1
1476,CHEMBL116683,1
1477,CHEMBL540445,1
1478,CHEMBL111590,1
1479,CHEMBL350815,0
1480,CHEMBL2153827,1
1481,CHEMBL4110339,1
1482,CHEMBL3927500,1
1483,CHEMBL2153825,1
1484,CHEMBL5279593,1
1485,CHEMBL4063300,1
1486,CHEMBL1766295,1
1487,CHEMBL362137,1
1488,CHEMBL365769,1
1489,CHEMBL302266,1
1490,CHEMBL3920270,0
1491,CHEMBL3937416,0
1492,CHEMBL1630225,1
1493,CHEMBL1630227,1
1494,CHEMBL3265350,0
1495,CHEMBL213338,1
1496,CHEMBL2160144,0
1497,CHEMBL317434,1
1498,CHEMBL212918,0
1499,CHEMBL4529375,1
1500,CHEMBL4467569,1
1501,CHEMBL4439374,1
1502,CHEMBL4476757,1
1503,CHEMBL4445481,1
1504,CHEMBL4532838,1
1505,CHEMBL4455944,1
1506,CHEMBL110392,1
1507,CHEMBL434520,1
1508,CHEMBL4642268,1
1509,CHEMBL4641524,1
1510,CHEMBL596692,1
1511,CHEMBL95311,1
1512,CHEMBL2158359,0
1513,CHEMBL2158361,1
1514,CHEMBL4466102,1
1515,CHEMBL4248810,1
1516,CHEMBL1669038,0
1517,CHEMBL4639025,1
1518,CHEMBL3359452,0
1519,CHEMBL3309819,1
1520,CHEMBL4075294,1
1521,CHEMBL3822638,0
1522,CHEMBL3823208,1
1523,CHEMBL3774941,1
1524,CHEMBL3775430,1
1525,CHEMBL2337407,1
1526,CHEMBL157623,0
1527,CHEMBL348115,0
1528,CHEMBL3233598,0
1529,CHEMBL3236777,0
1530,CHEMBL3309827,0
1531,CHEMBL155994,1
1532,CHEMBL357315,1
1533,CHEMBL144281,0
1534,CHEMBL42651,1
1535,CHEMBL3775041,1
1536,CHEMBL3775528,0
1537,CHEMBL3774706,0
1538,CHEMBL293771,1
1539,CHEMBL52872,1
1540,CHEMBL155927,1
1541,CHEMBL292607,0
1542,CHEMBL47638,1
1543,CHEMBL4170508,1
1544,CHEMBL4515463,1
1545,CHEMBL286282,1
1546,CHEMBL3355611,1
1547,CHEMBL3355612,1
1548,CHEMBL466447,1
1549,CHEMBL2087935,0
1550,CHEMBL2159921,1
1551,CHEMBL158842,0
1552,CHEMBL285828,1
1553,CHEMBL3309450,0
1554,CHEMBL4640817,1
1555,CHEMBL4553947,1
1556,CHEMBL4473603,1
1557,CHEMBL4569221,1
1558,CHEMBL3977032,0
1559,CHEMBL3965233,0
1560,CHEMBL257108,1
1561,CHEMBL1775089,0
1562,CHEMBL1814717,0
1563,CHEMBL1814724,0
1564,CHEMBL3576973,1
1565,CHEMBL2398536,0
1566,CHEMBL1684151,0
1567,CHEMBL3264518,0
1568,CHEMBL3264524,0
1569,CHEMBL3775104,1
1570,CHEMBL1814727,0
1571,CHEMBL4168891,1
1572,CHEMBL3113234,1
1573,CHEMBL3113227,0
1574,CHEMBL96842,0
1575,CHEMBL338457,1
1576,CHEMBL42398,1
1577,CHEMBL365622,1
1578,CHEMBL98903,1
1579,CHEMBL127494,0
1580,CHEMBL498529,0
1581,CHEMBL4569790,1
1582,CHEMBL1086757,0
1583,CHEMBL4451916,1
1584,CHEMBL4455511,1
1585,CHEMBL271932,0
1586,CHEMBL257678,1
1587,CHEMBL491582,0
1588,CHEMBL29500,1
1589,CHEMBL51085,1
1590,CHEMBL3104548,1
1591,CHEMBL16048,0
1592,CHEMBL3342569,1
1593,CHEMBL1288600,1
1594,CHEMBL3309451,1
1595,CHEMBL2283172,1
1596,CHEMBL2283166,1
1597,CHEMBL2283178,0
1598,CHEMBL2283176,1
1599,CHEMBL140167,1
1600,CHEMBL2283160,1
1601,CHEMBL2283175,1
1602,CHEMBL2158357,0
1603,CHEMBL2347674,1
1604,CHEMBL1957884,0
1605,CHEMBL157820,1
1606,CHEMBL29887,1
1607,CHEMBL3355602,1
1608,CHEMBL3355608,1
1609,CHEMBL95625,1
1610,CHEMBL72515,1
1611,CHEMBL249995,1
1612,CHEMBL279265,1
1613,CHEMBL2315014,1
1614,CHEMBL209408,1
1615,CHEMBL125460,1
1616,CHEMBL527107,1
1617,CHEMBL4444391,1
1618,CHEMBL4466030,1
1619,CHEMBL3098648,1
1620,CHEMBL4440769,1
1621,CHEMBL3740850,0
1622,CHEMBL1814728,0
1623,CHEMBL65155,1
1624,CHEMBL1241823,0
1625,CHEMBL3290441,1
1626,CHEMBL1275921,0
1627,CHEMBL4438116,1
1628,CHEMBL4535676,1
1629,CHEMBL1630250,1
1630,CHEMBL1630231,1
1631,CHEMBL276916,0
1632,CHEMBL257299,0
1633,CHEMBL281975,1
1634,CHEMBL295752,1
1635,CHEMBL4763059,1
1636,CHEMBL1288640,1
1637,CHEMBL2398538,0
1638,CHEMBL14420,1
1639,CHEMBL18251,1
1640,CHEMBL4517895,0
1641,CHEMBL283497,1
1642,CHEMBL147016,0
1643,CHEMBL4761227,1
1644,CHEMBL3100129,1
1645,CHEMBL4288111,1
1646,CHEMBL3309448,1
1647,CHEMBL3309832,0
1648,CHEMBL3601277,1
1649,CHEMBL1275970,0
1650,CHEMBL187137,1
1651,CHEMBL595596,0
1652,CHEMBL257300,0
1653,CHEMBL405841,0
1654,CHEMBL2234866,0
1655,CHEMBL270294,0
1656,CHEMBL3238416,1
1657,CHEMBL83527,1
1658,CHEMBL1916957,0
1659,CHEMBL599,1
1660,CHEMBL2334132,0
1661,CHEMBL126808,0
1662,CHEMBL16996,1
1663,CHEMBL27733,0
1664,CHEMBL288423,1
1665,CHEMBL25371,1
1666,CHEMBL289447,1
1667,CHEMBL3290197,1
1668,CHEMBL3810027,0
1669,CHEMBL355771,0
1670,CHEMBL296078,1
1671,CHEMBL16797,1
1672,CHEMBL327510,0
1673,CHEMBL308682,1
1674,CHEMBL3113226,0
1675,CHEMBL95380,1
1676,CHEMBL3746265,1
1677,CHEMBL158310,1
1678,CHEMBL44244,1
1679,CHEMBL144658,0
1680,CHEMBL5277598,1
1681,CHEMBL5288656,1
1682,CHEMBL5289878,1
1683,CHEMBL5284686,1
1684,CHEMBL5289200,1
1685,CHEMBL5276722,1
1686,CHEMBL5271327,1
1687,CHEMBL5283826,1
1688,CHEMBL5273576,1
1689,CHEMBL5279070,1
1690,CHEMBL5267093,1
1691,CHEMBL5265750,1
1692,CHEMBL5283848,1
1693,CHEMBL5288954,1
1694,CHEMBL5270907,1
1695,CHEMBL225463,1
1696,CHEMBL2347670,1
1697,CHEMBL373514,1
1698,CHEMBL3314084,1
1699,CHEMBL76692,1
1700,CHEMBL517149,0
1701,CHEMBL465194,0
1702,CHEMBL134342,1
1703,CHEMBL471171,1
1704,CHEMBL3402332,0
1705,CHEMBL313313,1
1706,CHEMBL106828,1
1707,CHEMBL4286599,1
1708,CHEMBL2087936,0
1709,CHEMBL2087940,0
1710,CHEMBL2087943,0
1711,CHEMBL2283150,1
1712,CHEMBL417254,1
1713,CHEMBL42011,1
1714,CHEMBL28527,1
1715,CHEMBL3576984,1
1716,CHEMBL331278,1
1717,CHEMBL418448,1
1718,CHEMBL47687,1
1719,CHEMBL527,0
1720,CHEMBL40245,1
1721,CHEMBL2398532,0
1722,CHEMBL1147,1
1723,CHEMBL320784,1
1724,CHEMBL24429,1
1725,CHEMBL307606,0
1726,CHEMBL97219,1
1727,CHEMBL1775088,0
1728,CHEMBL305060,1
1729,CHEMBL2333749,0
1730,CHEMBL3823276,0
1731,CHEMBL319766,1
1732,CHEMBL1242095,1
1733,CHEMBL183970,1
1734,CHEMBL127190,1
1735,CHEMBL278246,0
1736,CHEMBL3309822,0
1737,CHEMBL418859,1
1738,CHEMBL43736,1
1739,CHEMBL3127459,0
1740,CHEMBL289561,1
1741,CHEMBL254377,1
1742,CHEMBL442441,1
1743,CHEMBL3410346,0
1744,CHEMBL3410364,0
1745,CHEMBL367864,1
1746,CHEMBL302771,1
1747,CHEMBL236433,0
1748,CHEMBL99167,0
1749,CHEMBL97874,1
1750,CHEMBL97834,0
1751,CHEMBL1939678,1
1752,CHEMBL270510,0
1753,CHEMBL3915322,0
1754,CHEMBL3958352,0
1755,CHEMBL346470,1
1756,CHEMBL326335,1
1757,CHEMBL331135,1
1758,CHEMBL283425,0
1759,CHEMBL29424,1
1760,CHEMBL320118,0
1761,CHEMBL111039,1
1762,CHEMBL111904,1
1763,CHEMBL149040,1
1764,CHEMBL116365,0
1765,CHEMBL1669037,1
1766,CHEMBL1669034,1
1767,CHEMBL3908604,0
1768,CHEMBL18020,1
1769,CHEMBL144819,1
1770,CHEMBL76376,1
1771,CHEMBL2063734,0
1772,CHEMBL2398541,1
1773,CHEMBL513185,0
1774,CHEMBL500943,1
1775,CHEMBL111518,1
1776,CHEMBL2158358,0
1777,CHEMBL4209915,0
1778,CHEMBL4205552,1
1779,CHEMBL361141,0
1780,CHEMBL2398540,1
1781,CHEMBL224612,1
1782,CHEMBL1242554,1
1783,CHEMBL304982,1
1784,CHEMBL3264519,0
1785,CHEMBL3264520,0
1786,CHEMBL369492,1
1787,CHEMBL3355604,1
1788,CHEMBL1288771,1
1789,CHEMBL3104553,1
1790,CHEMBL1258960,0
1791,CHEMBL3933250,0
1792,CHEMBL361472,1
1793,CHEMBL568723,1
1794,CHEMBL122065,1
1795,CHEMBL567160,1
1796,CHEMBL182695,1
1797,CHEMBL3104558,1
1798,CHEMBL14767,1
1799,CHEMBL367328,0
1800,CHEMBL571852,0
1801,CHEMBL42801,0
1802,CHEMBL1775097,0
1803,CHEMBL129640,1
1804,CHEMBL441236,1
1805,CHEMBL46667,1
1806,CHEMBL45387,1
1807,CHEMBL1077388,1
1808,CHEMBL1957883,1
1809,CHEMBL1669040,1
1810,CHEMBL363767,1
1811,CHEMBL282415,1
1812,CHEMBL436116,1
1813,CHEMBL138191,1
1814,CHEMBL502556,1
1815,CHEMBL1163221,0
1816,CHEMBL1689434,1
1817,CHEMBL279249,1
1818,CHEMBL609572,0
1819,CHEMBL68866,0
1820,CHEMBL27975,1
1821,CHEMBL442018,0
1822,CHEMBL324580,1
1823,CHEMBL2334130,0
1824,CHEMBL37414,1
1825,CHEMBL117862,1
1826,CHEMBL499069,1
1827,CHEMBL300047,1
1828,CHEMBL299765,1
1829,CHEMBL3775979,1
1830,CHEMBL3774963,0
1831,CHEMBL2160150,0
1832,CHEMBL29923,1
1833,CHEMBL1957569,0
1834,CHEMBL222902,1
1835,CHEMBL222480,1
1836,CHEMBL384659,1
1837,CHEMBL127084,1
1838,CHEMBL433160,1
1839,CHEMBL117911,1
1840,CHEMBL1088302,0
1841,CHEMBL237205,0
1842,CHEMBL1076742,0
1843,CHEMBL603856,0
1844,CHEMBL449930,1
1845,CHEMBL324275,1
1846,CHEMBL161677,1
1847,CHEMBL312822,1
1848,CHEMBL2333747,0
1849,CHEMBL257539,1
1850,CHEMBL446319,0
1851,CHEMBL491272,0
1852,CHEMBL405972,0
1853,CHEMBL2333734,0
1854,CHEMBL2334138,0
1855,CHEMBL3127308,1
1856,CHEMBL4640256,1
1857,CHEMBL4640306,1
1858,CHEMBL4634582,1
1859,CHEMBL184187,1
1860,CHEMBL183891,1
1861,CHEMBL365060,1
1862,CHEMBL4084676,1
1863,CHEMBL4062140,1
1864,CHEMBL1078374,0
1865,CHEMBL1204025,0
1866,CHEMBL4170378,1
1867,CHEMBL4177170,0
1868,CHEMBL95469,1
1869,CHEMBL55348,1
1870,CHEMBL147189,1
1871,CHEMBL3402334,0
1872,CHEMBL29844,1
1873,CHEMBL298729,1
1874,CHEMBL745,0
1875,CHEMBL2283174,1
1876,CHEMBL2023859,1
1877,CHEMBL2023858,1
1878,CHEMBL116253,1
1879,CHEMBL175,1
1880,CHEMBL177606,1
1881,CHEMBL322720,0
1882,CHEMBL416989,1
1883,CHEMBL367739,1
1884,CHEMBL282839,1
1885,CHEMBL70158,1
1886,CHEMBL97179,1
1887,CHEMBL99933,1
1888,CHEMBL1950016,1
1889,CHEMBL147580,1
1890,CHEMBL129299,0
1891,CHEMBL265078,1
1892,CHEMBL2160147,0
1893,CHEMBL2158362,0
1894,CHEMBL77350,1
1895,CHEMBL558727,1
1896,CHEMBL556929,1
1897,CHEMBL436494,1
1898,CHEMBL560013,1
1899,CHEMBL2283151,1
1900,CHEMBL329480,1
1901,CHEMBL2087944,0
1902,CHEMBL490482,1
1903,CHEMBL473518,0
1904,CHEMBL48332,1
1905,CHEMBL1957881,0
1906,CHEMBL4160157,0
1907,CHEMBL4164251,1
1908,CHEMBL27875,1
1909,CHEMBL104009,1
1910,CHEMBL99517,0
1911,CHEMBL304967,0
1912,CHEMBL265585,1
1913,CHEMBL295707,0
1914,CHEMBL275601,1
1915,CHEMBL54370,1
1916,CHEMBL344351,1
1917,CHEMBL277813,1
1918,CHEMBL360182,1
1919,CHEMBL1288537,0
1920,CHEMBL49394,1
1921,CHEMBL1210073,0
1922,CHEMBL3342568,1
1923,CHEMBL2283173,1
1924,CHEMBL1950009,1
1925,CHEMBL500935,1
1926,CHEMBL560887,1
1927,CHEMBL4169030,1
1928,CHEMBL1086611,0
1929,CHEMBL259842,1
1930,CHEMBL305507,1
1931,CHEMBL326577,1
1932,CHEMBL1290684,1
1933,CHEMBL257677,1
1934,CHEMBL1669033,1
1935,CHEMBL1917098,1
1936,CHEMBL1957453,0
1937,CHEMBL183101,1
1938,CHEMBL358609,1
1939,CHEMBL1669035,1
1940,CHEMBL3265353,0
1941,CHEMBL3309443,1
1942,CHEMBL3309828,0
1943,CHEMBL3309826,0
1944,CHEMBL3355607,1
1945,CHEMBL4170800,1
1946,CHEMBL1956381,0
1947,CHEMBL119433,1
1948,CHEMBL119472,1
1949,CHEMBL1957882,1
1950,CHEMBL1275941,0
1951,CHEMBL514418,1
1952,CHEMBL1684149,0
1953,CHEMBL280093,1
1954,CHEMBL2063853,0
1955,CHEMBL1288590,1
1956,CHEMBL1290320,1
1957,CHEMBL2391052,0
1958,CHEMBL44466,1
1959,CHEMBL148100,1
1960,CHEMBL296571,1
1961,CHEMBL187468,1
1962,CHEMBL154907,1
1963,CHEMBL4173819,0
1964,CHEMBL3905241,0
1965,CHEMBL3906347,0
1966,CHEMBL444396,1
1967,CHEMBL3823400,0
1968,CHEMBL399879,1
1969,CHEMBL117917,1
1970,CHEMBL417266,1
1971,CHEMBL300597,1
1972,CHEMBL4172724,1
1973,CHEMBL3290192,0
1974,CHEMBL209883,1
1975,CHEMBL4091547,1
1976,CHEMBL4098600,1
1977,CHEMBL4086580,1
1978,CHEMBL307145,0
1979,CHEMBL1241822,0
1980,CHEMBL1630232,1
1981,CHEMBL184341,1
1982,CHEMBL186634,1
1983,CHEMBL3265349,0
1984,CHEMBL4069602,1
1985,CHEMBL1086610,0
1986,CHEMBL3342570,1
1987,CHEMBL3290204,1
1988,CHEMBL3309950,0
1989,CHEMBL3289939,0
1990,CHEMBL280009,1
1991,CHEMBL1682233,0
1992,CHEMBL90988,1
1993,CHEMBL1632397,0
1994,CHEMBL116252,1
1995,CHEMBL3113242,0
1996,CHEMBL69998,1
1997,CHEMBL96011,1
1998,CHEMBL2283180,1
1999,CHEMBL1630243,0
2000,CHEMBL1630244,0
2001,CHEMBL291501,0
2002,CHEMBL471103,0
2003,CHEMBL4160466,0
2004,CHEMBL2063728,0
2005,CHEMBL37481,1
2006,CHEMBL17104,0
2007,CHEMBL359787,1
2008,CHEMBL365890,1
2009,CHEMBL144675,1
2010,CHEMBL563455,1
2011,CHEMBL111057,1
2012,CHEMBL304793,0
2013,CHEMBL561086,1
2014,CHEMBL109047,1
2015,CHEMBL3823735,1
2016,CHEMBL356940,1
2017,CHEMBL3113228,0
2018,CHEMBL107938,1
2019,CHEMBL68127,1
2020,CHEMBL23378,1
2021,CHEMBL421259,1
2022,CHEMBL359202,0
2023,CHEMBL54619,1
2024,CHEMBL16826,0
2025,CHEMBL421570,1
2026,CHEMBL213267,0
2027,CHEMBL3948850,0
2028,CHEMBL1290563,1
2029,CHEMBL2380866,0
2030,CHEMBL610493,0
2031,CHEMBL469220,0
2032,CHEMBL157129,1
2033,CHEMBL17276,1
2034,CHEMBL282085,1
2035,CHEMBL52020,1
2036,CHEMBL4283242,1
2037,CHEMBL350549,1
2038,CHEMBL595852,0
2039,CHEMBL3809156,1
2040,CHEMBL2063730,0
2041,CHEMBL297108,1
2042,CHEMBL282185,1
2043,CHEMBL1916969,1
2044,CHEMBL144232,0
2045,CHEMBL91118,1
2046,CHEMBL153767,1
2047,CHEMBL603434,0
2048,CHEMBL144884,1
2049,CHEMBL18089,1
2050,CHEMBL324472,0
2051,CHEMBL1775111,0
2052,CHEMBL42884,1
2053,CHEMBL298313,1
2054,CHEMBL3265345,0
2055,CHEMBL1939437,0
2056,CHEMBL98311,0
2057,CHEMBL1630236,1
2058,CHEMBL2160143,0
2059,CHEMBL2160149,0
2060,CHEMBL49056,1
2061,CHEMBL2204556,0
2062,CHEMBL347198,1
2063,CHEMBL324509,1
2064,CHEMBL2315854,0
2065,CHEMBL1814709,0
2066,CHEMBL1814726,0
2067,CHEMBL44152,1
2068,CHEMBL1916947,0
2069,CHEMBL1916951,0
2070,CHEMBL17047,1
2071,CHEMBL108917,1
2072,CHEMBL161377,0
2073,CHEMBL23245,1
2074,CHEMBL36815,1
2075,CHEMBL195894,1
2076,CHEMBL560284,1
2077,CHEMBL184076,1
2078,CHEMBL184375,1
2079,CHEMBL185196,1
2080,CHEMBL363270,1
2081,CHEMBL3576979,1
2082,CHEMBL3314088,1
2083,CHEMBL115752,1
2084,CHEMBL117947,1
2085,CHEMBL173186,0
2086,CHEMBL173169,0
2087,CHEMBL419777,0
2088,CHEMBL443993,1
2089,CHEMBL298031,1
2090,CHEMBL177808,1
2091,CHEMBL44142,1
2092,CHEMBL277515,0
2093,CHEMBL42409,1
2094,CHEMBL157950,1
2095,CHEMBL127674,1
2096,CHEMBL274841,0
2097,CHEMBL4129984,1
2098,CHEMBL213939,0
2099,CHEMBL145220,0
2100,CHEMBL364598,1
2101,CHEMBL376246,0
2102,CHEMBL329999,1
2103,CHEMBL276976,1
2104,CHEMBL229955,1
2105,CHEMBL3774873,0
2106,CHEMBL3774442,1
2107,CHEMBL3774784,1
2108,CHEMBL3289925,0
2109,CHEMBL3309947,0
2110,CHEMBL3290193,0
2111,CHEMBL67759,0
2112,CHEMBL16434,0
2113,CHEMBL498882,0
2114,CHEMBL49775,1
2115,CHEMBL148545,0
2116,CHEMBL363756,1
2117,CHEMBL1669027,0
2118,CHEMBL3576986,1
2119,CHEMBL2023847,1
2120,CHEMBL558728,1
2121,CHEMBL3233602,1
2122,CHEMBL359143,1
2123,CHEMBL70588,1
2124,CHEMBL1275971,0
2125,CHEMBL166156,0
2126,CHEMBL275809,0
2127,CHEMBL463232,1
2128,CHEMBL47447,1
2129,CHEMBL16981,1
2130,CHEMBL1957877,0
2131,CHEMBL1957880,1
2132,CHEMBL4101763,1
2133,CHEMBL2018566,0
2134,CHEMBL4644152,0
2135,CHEMBL4473503,1
2136,CHEMBL550537,1
2137,CHEMBL2087937,0
2138,CHEMBL2087938,0
2139,CHEMBL67519,1
2140,CHEMBL339221,0
2141,CHEMBL293492,0
2142,CHEMBL29576,0
2143,CHEMBL3576988,0
2144,CHEMBL3576975,0
2145,CHEMBL144787,1
2146,CHEMBL4635384,1
2147,CHEMBL28487,0
2148,CHEMBL432260,1
2149,CHEMBL24288,1
2150,CHEMBL303023,1
2151,CHEMBL95402,1
2152,CHEMBL3823187,1
2153,CHEMBL3823440,1
2154,CHEMBL3113240,1
2155,CHEMBL2171272,0
2156,CHEMBL4640459,0
2157,CHEMBL559613,1
2158,CHEMBL557128,1
2159,CHEMBL2087939,0
2160,CHEMBL4862239,0
2161,CHEMBL4877517,1
2162,CHEMBL280471,0
2163,CHEMBL3113232,0
2164,CHEMBL3113241,0
2165,CHEMBL17739,1
2166,CHEMBL149936,1
2167,CHEMBL5284968,0
2168,CHEMBL5290910,1
2169,CHEMBL29204,1
2170,CHEMBL5281666,1
2171,CHEMBL25035,1
2172,CHEMBL5283932,1
2173,CHEMBL4868446,1
2174,CHEMBL1950011,1
2175,CHEMBL1950012,1
2176,CHEMBL1950021,1
2177,CHEMBL4749004,0
2178,CHEMBL5191304,0
2179,CHEMBL12532,1
2180,CHEMBL5200454,1
2181,CHEMBL276739,0
2182,CHEMBL1235806,1
2183,CHEMBL17229,1
2184,CHEMBL1766299,1
2185,CHEMBL1288592,1
2186,CHEMBL347267,1
2187,CHEMBL5282385,1
2188,CHEMBL5278033,1
2189,CHEMBL5281704,1
2190,CHEMBL5266132,1
2191,CHEMBL5279631,1
2192,CHEMBL5272130,1
2193,CHEMBL5278506,1
2194,CHEMBL275838,0
2195,CHEMBL100422,1
2196,CHEMBL41405,1
2197,CHEMBL107953,1
2198,CHEMBL490324,0
2199,CHEMBL463763,1
2200,CHEMBL365252,1
2201,CHEMBL4857474,1
2202,CHEMBL4876413,1
2203,CHEMBL5271889,1
2204,CHEMBL5282220,1
2205,CHEMBL5279078,1
2206,CHEMBL5272671,1
2207,CHEMBL5273141,1
2208,CHEMBL5281749,1
2209,CHEMBL2315016,0
2210,CHEMBL76861,1
2211,CHEMBL4786489,1
2212,CHEMBL4786548,1
2213,CHEMBL146773,1
2214,CHEMBL601015,0
2215,CHEMBL386992,0
2216,CHEMBL214710,0
2217,CHEMBL4796545,0
2218,CHEMBL4740435,0
2219,CHEMBL4528493,1
2220,CHEMBL4576297,0
2221,CHEMBL4456451,0
2222,CHEMBL4449466,0
2223,CHEMBL4870569,1
2224,CHEMBL4644109,0
2225,CHEMBL560088,1
2226,CHEMBL29075,0
2227,CHEMBL1288554,1
2228,CHEMBL5266705,1
2229,CHEMBL5282918,1
2230,CHEMBL564729,1
2231,CHEMBL562768,1
2232,CHEMBL70296,0
2233,CHEMBL326291,1
2234,CHEMBL5075348,1
2235,CHEMBL3576978,1
2236,CHEMBL190083,0
2237,CHEMBL1333512,1
2238,CHEMBL282015,1
2239,CHEMBL171417,0
2240,CHEMBL524686,0
2241,CHEMBL330314,1
2242,CHEMBL299567,0
2243,CHEMBL357044,0
2244,CHEMBL1813328,0
2245,CHEMBL5270094,1
2246,CHEMBL5282152,1
2247,CHEMBL5284867,1
2248,CHEMBL5290356,1
2249,CHEMBL276506,1
2250,CHEMBL5278905,1
2251,CHEMBL5287931,1
2252,CHEMBL5278348,1
2253,CHEMBL5192908,1
2254,CHEMBL5284073,0
2255,CHEMBL5282180,1
2256,CHEMBL5269100,1
2257,CHEMBL406140,0
2258,CHEMBL278505,1
2259,CHEMBL3402596,1
2260,CHEMBL3885367,1
2261,CHEMBL144013,1
2262,CHEMBL339798,1
2263,CHEMBL72352,0
2264,CHEMBL327150,1
2265,CHEMBL101,0
2266,CHEMBL3309821,0
2267,CHEMBL326005,0
2268,CHEMBL69683,0
2269,CHEMBL4798519,1
2270,CHEMBL4791577,1
2271,CHEMBL1630253,1
2272,CHEMBL96954,1
2273,CHEMBL322240,1
2274,CHEMBL2112399,1
2275,CHEMBL598972,1
2276,CHEMBL3765737,1
2277,CHEMBL4438502,1
2278,CHEMBL3355613,1
2279,CHEMBL5286816,1
2280,CHEMBL5284897,1
2281,CHEMBL5278682,1
2282,CHEMBL5290904,1
2283,CHEMBL5282037,1
2284,CHEMBL5276822,1
2285,CHEMBL5287114,1
2286,CHEMBL5279175,1
2287,CHEMBL5277424,1
2288,CHEMBL5274739,1
2289,CHEMBL104592,1
2290,CHEMBL171416,0
2291,CHEMBL4293163,1
2292,CHEMBL4285341,1
2293,CHEMBL4529874,1
2294,CHEMBL146854,1
2295,CHEMBL1630246,0
2296,CHEMBL1630247,0
2297,CHEMBL1630249,1
2298,CHEMBL1630255,1
2299,CHEMBL70681,0
2300,CHEMBL4162061,1
2301,CHEMBL1766298,1
2302,CHEMBL4859571,1
2303,CHEMBL279336,0
2304,CHEMBL4866509,0
2305,CHEMBL4797489,1
2306,CHEMBL4794203,1
2307,CHEMBL148976,1
2308,CHEMBL416902,1
2309,CHEMBL333651,1
2310,CHEMBL1630229,1
2311,CHEMBL489899,0
2312,CHEMBL4639368,1
2313,CHEMBL4635572,1
2314,CHEMBL404107,1
2315,CHEMBL4591824,1
2316,CHEMBL4461022,1
2317,CHEMBL4750050,1
2318,CHEMBL4791001,0
2319,CHEMBL4754793,0
2320,CHEMBL4789246,0
2321,CHEMBL4799825,0
2322,CHEMBL5271091,1
2323,CHEMBL222146,1
2324,CHEMBL119170,1
2325,CHEMBL4170011,0
2326,CHEMBL3808627,1
2327,CHEMBL3325733,1
2328,CHEMBL4170326,0
2329,CHEMBL4166924,0
2330,CHEMBL5289353,1
2331,CHEMBL179723,0
2332,CHEMBL2283171,1
2333,CHEMBL4281362,0
2334,CHEMBL4750551,0
2335,CHEMBL4167700,1
2336,CHEMBL4162045,1
2337,CHEMBL4871719,0
2338,CHEMBL223529,0
2339,CHEMBL376583,0
2340,CHEMBL3809842,1
2341,CHEMBL4460448,0
2342,CHEMBL185621,1
2343,CHEMBL589167,0
2344,CHEMBL1163219,0
2345,CHEMBL1080406,1
2346,CHEMBL602676,0
2347,CHEMBL4781301,1
2348,CHEMBL3978014,0
2349,CHEMBL4757345,1
2350,CHEMBL5174387,1
2351,CHEMBL1630228,1
2352,CHEMBL1630223,1
2353,CHEMBL295640,1
2354,CHEMBL3322409,0
2355,CHEMBL117146,1
2356,CHEMBL3127461,1
2357,CHEMBL3127309,1
2358,CHEMBL3127460,0
2359,CHEMBL3127458,1
2360,CHEMBL414437,1
2361,CHEMBL317517,0
2362,CHEMBL4579212,0
2363,CHEMBL1939436,0
2364,CHEMBL3355606,1
2365,CHEMBL3355610,1
2366,CHEMBL1956393,0
2367,CHEMBL95921,1
2368,CHEMBL185163,1
2369,CHEMBL365301,1
2370,CHEMBL184122,1
2371,CHEMBL342538,1
2372,CHEMBL276052,1
2373,CHEMBL4171339,1
2374,CHEMBL3410356,1
2375,CHEMBL15039,1
2376,CHEMBL279166,0
2377,CHEMBL147074,0
2378,CHEMBL4873372,0
2379,CHEMBL4454204,1
2380,CHEMBL4437752,1
2381,CHEMBL2158356,0
2382,CHEMBL2158006,0
2383,CHEMBL2158365,0
2384,CHEMBL4475508,1
2385,CHEMBL4533150,1
2386,CHEMBL145364,0
2387,CHEMBL458707,0
2388,CHEMBL49114,1
2389,CHEMBL1908355,1
2390,CHEMBL419947,1
2391,CHEMBL375127,1
2392,CHEMBL222482,1
2393,CHEMBL400080,1
2394,CHEMBL3924357,0
2395,CHEMBL3915359,0
2396,CHEMBL186709,1
2397,CHEMBL364966,1
2398,CHEMBL4584799,1
2399,CHEMBL4443521,1
2400,CHEMBL3823115,1
2401,CHEMBL3809863,1
2402,CHEMBL1163243,0
2403,CHEMBL2334143,0
2404,CHEMBL3309830,1
2405,CHEMBL3322413,0
2406,CHEMBL4243440,1
2407,CHEMBL3885496,1
2408,CHEMBL318410,1
2409,CHEMBL5286217,1
2410,CHEMBL5288590,1
2411,CHEMBL5273595,1
2412,CHEMBL2105528,1
2413,CHEMBL5085564,1
2414,CHEMBL5289655,1
2415,CHEMBL4443940,0
2416,CHEMBL3810231,0
2417,CHEMBL469433,1
2418,CHEMBL399878,1
2419,CHEMBL4063273,1
2420,CHEMBL4239643,1
2421,CHEMBL185407,1
2422,CHEMBL76084,1
2423,CHEMBL4857790,1
2424,CHEMBL4867950,1
2425,CHEMBL4869842,1
2426,CHEMBL358222,0
2427,CHEMBL3809154,1
2428,CHEMBL4788698,1
2429,CHEMBL468367,0
2430,CHEMBL5275198,1
2431,CHEMBL4574755,1
2432,CHEMBL4093362,1
2433,CHEMBL4649049,1
2434,CHEMBL4436821,1
2435,CHEMBL4532877,1
2436,CHEMBL4215506,1
2437,CHEMBL3309449,1
2438,CHEMBL3309447,1
2439,CHEMBL4092847,1
2440,CHEMBL4848882,1
2441,CHEMBL5082428,1
2442,CHEMBL5084816,1
2443,CHEMBL5077595,1
2444,CHEMBL117,0
2445,CHEMBL5093769,0
2446,CHEMBL5092199,0
2447,CHEMBL5169729,1
2448,CHEMBL1917099,1
2449,CHEMBL1917102,1
2450,CHEMBL4165902,1
2451,CHEMBL188071,1
2452,CHEMBL4535881,1
2453,CHEMBL4582518,1
2454,CHEMBL4533452,1
2455,CHEMBL4541315,1
2456,CHEMBL4454251,1
2457,CHEMBL3289930,0
2458,CHEMBL4279217,0
2459,CHEMBL281513,1
2460,CHEMBL148931,1
2461,CHEMBL4759732,1
2462,CHEMBL5079967,1
2463,CHEMBL5094855,0
2464,CHEMBL5083953,1
2465,CHEMBL4443307,0
2466,CHEMBL4249752,1
2467,CHEMBL96057,1
2468,CHEMBL330381,1
2469,CHEMBL3289927,0
2470,CHEMBL3289931,0
2471,CHEMBL3289941,0
2472,CHEMBL4450052,0
2473,CHEMBL4637729,0
2474,CHEMBL4443350,1
2475,CHEMBL91,0
2476,CHEMBL3978955,0
2477,CHEMBL4528653,0
2478,CHEMBL3809116,1
2479,CHEMBL3810167,1
2480,CHEMBL3808774,0
2481,CHEMBL4559331,0
2482,CHEMBL4588254,0
2483,CHEMBL4868061,0
2484,CHEMBL241970,1
2485,CHEMBL4571499,1
2486,CHEMBL4447565,1
2487,CHEMBL4436095,1
2488,CHEMBL5087462,0
2489,CHEMBL5090197,0
2490,CHEMBL4749298,1
2491,CHEMBL4103357,1
2492,CHEMBL4858751,1
2493,CHEMBL3824049,1
2494,CHEMBL3822695,1
2495,CHEMBL4092434,1
2496,CHEMBL4796006,0
2497,CHEMBL4076002,1
2498,CHEMBL4082622,1
2499,CHEMBL2283154,1
2500,CHEMBL3098650,1
2501,CHEMBL4529762,1
2502,CHEMBL4573875,1
2503,CHEMBL1322701,1
2504,CHEMBL4544072,1
2505,CHEMBL4073566,1
2506,CHEMBL4068589,1
2507,CHEMBL4095906,1
2508,CHEMBL4074716,1
2509,CHEMBL4435643,1
2510,CHEMBL4450248,1
2511,CHEMBL4567855,1
2512,CHEMBL3910569,0
2513,CHEMBL4444718,0
2514,CHEMBL2380867,0
2515,CHEMBL3774572,0
2516,CHEMBL3774467,0
2517,CHEMBL3774612,1
2518,CHEMBL3809099,0
2519,CHEMBL4169332,0
2520,CHEMBL3309957,0
2521,CHEMBL4097499,1
2522,CHEMBL4291092,1
2523,CHEMBL4278472,1
2524,CHEMBL4281944,1
2525,CHEMBL4176074,1
2526,CHEMBL4442101,1
2527,CHEMBL1206690,1
2528,CHEMBL3809922,0
2529,CHEMBL3402317,0
2530,CHEMBL275120,1
2531,CHEMBL4647794,1
2532,CHEMBL4637009,1
2533,CHEMBL3601278,1
2534,CHEMBL3264514,0
2535,CHEMBL4530072,1
2536,CHEMBL4439919,1
2537,CHEMBL4579799,1
2538,CHEMBL5075058,0
2539,CHEMBL4290946,0
2540,CHEMBL4277907,1
2541,CHEMBL4282329,1
2542,CHEMBL4540611,1
2543,CHEMBL4475190,1
2544,CHEMBL4293133,1
2545,CHEMBL4279063,1
2546,CHEMBL4289328,1
2547,CHEMBL1071,1
2548,CHEMBL4859662,1
2549,CHEMBL4871538,1
2550,CHEMBL3237075,0
2551,CHEMBL4533060,1
2552,CHEMBL4535128,1
2553,CHEMBL4472170,1
2554,CHEMBL2337403,1
2555,CHEMBL1939517,1
2556,CHEMBL3104540,1
2557,CHEMBL4462267,1
2558,CHEMBL4464158,1
2559,CHEMBL4465282,1
2560,CHEMBL4867315,0
2561,CHEMBL4849659,1
2562,CHEMBL4878422,1
2563,CHEMBL4782861,0
2564,CHEMBL4852008,1
2565,CHEMBL3775653,1
2566,CHEMBL3775770,1
2567,CHEMBL3892572,0
2568,CHEMBL4536976,1
2569,CHEMBL4465207,1
2570,CHEMBL4547736,1
2571,CHEMBL4169347,1
2572,CHEMBL5276292,1
2573,CHEMBL4474936,0
2574,CHEMBL37537,0
2575,CHEMBL5270046,0
2576,CHEMBL4288684,1
2577,CHEMBL3576976,1
2578,CHEMBL5290253,1
2579,CHEMBL5271136,1
2580,CHEMBL3113231,1
2581,CHEMBL4761194,1
2582,CHEMBL4853361,1
2583,CHEMBL4856646,1
2584,CHEMBL4869763,1
2585,CHEMBL4800449,1
2586,CHEMBL4793035,1
2587,CHEMBL3233601,1
2588,CHEMBL4126559,1
2589,CHEMBL4129191,1
2590,CHEMBL3322421,1
2591,CHEMBL3309445,1
2592,CHEMBL4555690,0
2593,CHEMBL3912571,0
2594,CHEMBL4071061,1
2595,CHEMBL4069692,1
2596,CHEMBL4780951,1
2597,CHEMBL3809120,1
2598,CHEMBL3410344,0
2599,CHEMBL3774686,1
2600,CHEMBL4539136,1
2601,CHEMBL3359451,0
2602,CHEMBL4075969,1
2603,CHEMBL4166395,0
2604,CHEMBL4861765,1
2605,CHEMBL4876293,1
2606,CHEMBL4291293,1
2607,CHEMBL3924311,0
2608,CHEMBL4293285,0
2609,CHEMBL2087941,0
2610,CHEMBL4538175,0
2611,CHEMBL52229,0
2612,CHEMBL4562695,1
2613,CHEMBL4450776,1
2614,CHEMBL4588711,1
2615,CHEMBL3104551,0
2616,CHEMBL3601279,1
2617,CHEMBL3601280,0
2618,CHEMBL4471015,0
2619,CHEMBL4445953,1
2620,CHEMBL4475138,0
2621,CHEMBL4452534,1
2622,CHEMBL4633930,1
2623,CHEMBL4637840,1
2624,CHEMBL4458529,1
2625,CHEMBL4088012,1
2626,CHEMBL4062843,1
2627,CHEMBL4089144,1
2628,CHEMBL3425982,0
2629,CHEMBL4213360,1
2630,CHEMBL4460882,0
2631,CHEMBL4462870,1
2632,CHEMBL4161423,1
2633,CHEMBL3623735,0
2634,CHEMBL4537150,0
2635,CHEMBL4473089,0
2636,CHEMBL4278439,0
2637,CHEMBL4294127,1
2638,CHEMBL372838,1
2639,CHEMBL3113224,1
2640,CHEMBL3104559,1
2641,CHEMBL1939515,1
2642,CHEMBL4287517,0
2643,CHEMBL4073779,1
2644,CHEMBL3265358,1
2645,CHEMBL4537499,0
2646,CHEMBL4552843,0
2647,CHEMBL4740522,0
2648,CHEMBL4648858,1
2649,CHEMBL4072067,1
2650,CHEMBL4282681,0
2651,CHEMBL4557315,1
2652,CHEMBL4792565,0
2653,CHEMBL4763976,0
2654,CHEMBL1939676,1
2655,CHEMBL4111609,1
2656,CHEMBL2337400,1
2657,CHEMBL4109772,1
2658,CHEMBL4287121,0
2659,CHEMBL4278024,1
2660,CHEMBL4456191,1
2661,CHEMBL4449489,1
2662,CHEMBL4862415,1
2663,CHEMBL4520818,1
2664,CHEMBL4470517,1
2665,CHEMBL4633586,1
2666,CHEMBL4648342,1
2667,CHEMBL4446093,1
2668,CHEMBL3309446,1
2669,CHEMBL4086962,1
2670,CHEMBL4567195,1
2671,CHEMBL4067898,1
2672,CHEMBL4521668,1
2673,CHEMBL4515876,1
2674,CHEMBL4471266,0
2675,CHEMBL4860909,1
2676,CHEMBL4437353,0
2677,CHEMBL4062197,1
2678,CHEMBL4165528,0
2679,CHEMBL4159582,0
2680,CHEMBL3908211,1
2681,CHEMBL2337401,1
2682,CHEMBL3960755,0
2683,CHEMBL4571604,1
2684,CHEMBL4561572,1
2685,CHEMBL2337404,1
2686,CHEMBL5191675,1
2687,CHEMBL5200000,1
2688,CHEMBL4445524,1
2689,CHEMBL3425984,0
2690,CHEMBL5184562,1
2691,CHEMBL5265839,1
2692,CHEMBL5283454,1
2693,CHEMBL5285980,1
2694,CHEMBL5289112,1
2695,CHEMBL5268121,1
2696,CHEMBL5274992,1
2697,CHEMBL5278337,1
2698,CHEMBL5273958,1
2699,CHEMBL5274575,1
2700,CHEMBL2380876,0
2701,CHEMBL2380862,1
2702,CHEMBL5281497,1
2703,CHEMBL5279361,1
2704,CHEMBL3325729,1
2705,CHEMBL5091817,0
2706,CHEMBL5075246,1
2707,CHEMBL4440531,1
2708,CHEMBL4571917,1
2709,CHEMBL4851853,1
2710,CHEMBL4289901,0
2711,CHEMBL2337408,1
2712,CHEMBL4173449,0
2713,CHEMBL4173526,1
2714,CHEMBL4076689,1
2715,CHEMBL4277617,1
2716,CHEMBL4287667,1
2717,CHEMBL5182027,0
2718,CHEMBL4747094,1
2719,CHEMBL4785934,1
2720,CHEMBL4290673,1
2721,CHEMBL3355603,1
2722,CHEMBL3576974,1
2723,CHEMBL4873961,1
2724,CHEMBL4547430,0
2725,CHEMBL4872636,1
2726,CHEMBL4749908,0
2727,CHEMBL5290007,1
2728,CHEMBL4794474,1
2729,CHEMBL4789403,1
2730,CHEMBL4456822,1
2731,CHEMBL5200916,1
2732,CHEMBL5277168,1
2733,CHEMBL5276070,1
2734,CHEMBL5272969,1
2735,CHEMBL5283806,1
2736,CHEMBL5266071,1
2737,CHEMBL5279915,1
2738,CHEMBL5266991,1
2739,CHEMBL4542774,1
2740,CHEMBL5277910,1
2741,CHEMBL5283644,1
2742,CHEMBL5279811,1
2743,CHEMBL5275883,1
2744,CHEMBL503824,0
2745,CHEMBL5206077,1
2746,CHEMBL5208551,1
2747,CHEMBL5178995,1
2748,CHEMBL4165467,1
2749,CHEMBL3233600,1
2750,CHEMBL5285584,1
2751,CHEMBL4591257,1
2752,CHEMBL4871081,1
2753,CHEMBL4789910,1
2754,CHEMBL4456497,0
2755,CHEMBL5271852,1
2756,CHEMBL5288740,1
2757,CHEMBL5276444,1
2758,CHEMBL4781068,1
2759,CHEMBL4792785,1
2760,CHEMBL4788147,1
2761,CHEMBL5266680,1
2762,CHEMBL5081272,0
2763,CHEMBL4755592,0
2764,CHEMBL4636792,1
2765,CHEMBL4515706,0
2766,CHEMBL4463619,1
2767,CHEMBL5282224,1
2768,CHEMBL4592358,0
2769,CHEMBL4857562,0
2770,CHEMBL5203505,1
2771,CHEMBL4173681,0
2772,CHEMBL4161755,1
2773,CHEMBL4172740,1
2774,CHEMBL1939668,1
2775,CHEMBL1939671,1
2776,CHEMBL1939512,1
2777,CHEMBL2337396,1
2778,CHEMBL4276876,0
2779,CHEMBL5289753,0
2780,CHEMBL5267453,1
2781,CHEMBL5285788,1
2782,CHEMBL5276364,1
2783,CHEMBL5285268,1
2784,CHEMBL5287406,1
2785,CHEMBL4740788,1
2786,CHEMBL4758894,1
2787,CHEMBL4779383,0
2788,CHEMBL5090304,0
2789,CHEMBL5276738,1
2790,CHEMBL5280391,1
2791,CHEMBL4792690,0
2792,CHEMBL3809958,1
2793,CHEMBL222021,0
2794,CHEMBL154533,0
2795,CHEMBL3309825,0
2796,CHEMBL5288220,1
2797,CHEMBL5274140,1
2798,CHEMBL4572657,1
2799,CHEMBL5267820,1
2800,CHEMBL5272126,1
2801,CHEMBL5272354,1
2802,CHEMBL5291369,1
2803,CHEMBL5277494,1
2804,CHEMBL5276782,1
2805,CHEMBL5269829,0
2806,CHEMBL5283995,1
2807,CHEMBL5281053,1
2808,CHEMBL5279336,1
2809,CHEMBL5288685,1
2810,CHEMBL5080730,0
2811,CHEMBL131820,0
2812,CHEMBL4069891,1
2813,CHEMBL5269462,1
2814,CHEMBL5289008,1
2815,CHEMBL3763742,0
2816,CHEMBL5277627,1
2817,CHEMBL3325873,0
2818,CHEMBL5268949,1
2819,CHEMBL5270639,1
2820,CHEMBL5288634,1
2821,CHEMBL5277674,1
2822,CHEMBL5275892,1
2823,CHEMBL5204083,0
2824,CHEMBL5280920,1
2825,CHEMBL5271224,1
2826,CHEMBL5272670,1
2827,CHEMBL5280300,1
2828,CHEMBL5277139,1
2829,CHEMBL5289951,1
2830,CHEMBL5278569,1
2831,CHEMBL5290194,1
2832,CHEMBL5283165,1
2833,CHEMBL5278906,1
2834,CHEMBL5282397,1
2835,CHEMBL316846,1
2836,CHEMBL5269974,1
2837,CHEMBL5275204,1
2838,CHEMBL5277657,1
2839,CHEMBL5273397,1
2840,CHEMBL5269313,1
2841,CHEMBL5274783,1
2842,CHEMBL5286186,1
2843,CHEMBL5269531,1
2844,CHEMBL5281678,1
2845,CHEMBL5279090,1
2846,CHEMBL5269512,1
2847,CHEMBL4583354,1
2848,CHEMBL4437518,1
2849,CHEMBL4570476,1
2850,CHEMBL5287970,1
2851,CHEMBL5266912,1
2852,CHEMBL3325874,0
2853,CHEMBL5290087,0
2854,CHEMBL5289245,1
2855,CHEMBL5268637,1
2856,CHEMBL5280343,1
2857,CHEMBL5281224,1
2858,CHEMBL5190868,1
2859,CHEMBL5276174,1
2860,CHEMBL5274548,1
2861,CHEMBL5275257,0
2862,CHEMBL4867038,1
2863,CHEMBL4847404,1
2864,CHEMBL4876862,1
2865,CHEMBL4862389,1
2866,CHEMBL5271772,1
2867,CHEMBL121626,1
2868,CHEMBL4540796,0
2869,CHEMBL5275709,1
2870,CHEMBL5196097,1
2871,CHEMBL5171570,1
2872,CHEMBL3325872,1
2873,CHEMBL5201017,1
2874,CHEMBL5288176,0
2875,CHEMBL5276771,1
2876,CHEMBL5274509,1
2877,CHEMBL5284118,1
2878,CHEMBL4876637,1
2879,CHEMBL5283203,1
2880,CHEMBL5183018,0
2881,CHEMBL4874336,1
2882,CHEMBL5270458,1
2883,CHEMBL5080484,0
2884,CHEMBL5198267,1
2885,CHEMBL5269945,1
2886,CHEMBL5285514,1
2887,CHEMBL5271850,1
2888,CHEMBL4570970,1
2889,CHEMBL4449234,1
2890,CHEMBL4544031,1
2891,CHEMBL5274242,1
2892,CHEMBL5274029,1
2893,CHEMBL5267795,1
2894,CHEMBL5273684,1
2895,CHEMBL5283788,1
2896,CHEMBL5284488,1
2897,CHEMBL4763530,0
2898,CHEMBL5285405,1
2899,CHEMBL5273548,0
2900,CHEMBL5285524,1
2901,CHEMBL5180809,0
2902,CHEMBL5089985,0
2903,CHEMBL5275971,1
2904,CHEMBL5267632,1
2905,CHEMBL5275292,1
2906,CHEMBL5275772,1
2907,CHEMBL5281215,1
2908,CHEMBL4748665,0
2909,CHEMBL5089124,1
2910,CHEMBL5084005,0
2911,CHEMBL5271087,1
2912,CHEMBL5284988,1
2913,CHEMBL5267258,1
2914,CHEMBL5285214,1
2915,CHEMBL5267656,1
2916,CHEMBL5277545,1
2917,CHEMBL5273387,1
2918,CHEMBL5270111,1
2919,CHEMBL5275245,1
2920,CHEMBL5287186,1
2921,CHEMBL5267001,1
2922,CHEMBL5289598,1
2923,CHEMBL4076451,1
2924,CHEMBL5286316,1
2925,CHEMBL597733,1
2926,CHEMBL5181965,1
2927,CHEMBL5281098,1
2928,CHEMBL5290801,1
2929,CHEMBL5278893,1
2930,CHEMBL5276096,1
2931,CHEMBL5269549,1
2932,CHEMBL5287965,1
2933,CHEMBL5266009,1
2934,CHEMBL5272758,1
2935,CHEMBL5284227,1
2936,CHEMBL5285552,1
2937,CHEMBL5277740,1
2938,CHEMBL5285490,1
2939,CHEMBL5281865,0
2940,CHEMBL5279940,1
2941,CHEMBL5271871,1
2942,CHEMBL5282558,1
2943,CHEMBL5277473,1
2944,CHEMBL5286663,1
2945,CHEMBL5285559,1
2946,CHEMBL5279601,1
2947,CHEMBL5275786,1
2948,CHEMBL5266699,1
2949,CHEMBL5273124,0
2950,CHEMBL5282806,1
2951,CHEMBL5274403,1
2952,CHEMBL5281490,1
2953,CHEMBL5275104,1
2954,CHEMBL5271933,1
2955,CHEMBL5288527,1
2956,CHEMBL3325875,1
2957,CHEMBL5202840,0
2958,CHEMBL2104993,1
2959,CHEMBL5284626,1
2960,CHEMBL4582667,1
2961,CHEMBL3325870,0
2962,CHEMBL498917,1
2963,CHEMBL4745894,0
2964,CHEMBL1380054,1
2965,CHEMBL5283867,1
2966,CHEMBL5271705,1
2967,CHEMBL5184826,1
2968,CHEMBL5270815,1
2969,CHEMBL5276590,1
2970,CHEMBL5281211,1
2971,CHEMBL5278797,1
2972,CHEMBL5280463,1
2973,CHEMBL5283256,0
2974,CHEMBL5279490,1
2975,CHEMBL5281317,1
2976,CHEMBL5265917,1
2977,CHEMBL5274157,1
2978,CHEMBL5094564,0
2979,CHEMBL5087242,0
2980,CHEMBL5089355,1
2981,CHEMBL4758581,1
2982,CHEMBL5286930,1
